question_id,来源,题型,题干,选项,答案,解析,知识点ID,题型ID,常见错因ID,难度
Q_TRI_201,湖南耒阳一中等多校联考2024 高一期中,选择题,在△ABC中，角A，B，C的对边分别为a，b，c。若C=3A+3B，b=2，a=√2，则c=（ ）,A.√2|B.√10|C.√7|D.√2+1,B,由A+B+C=π及C=3(A+B)=3(π-C)，得4C=3π，C=3π/4。由余弦定理，c²=a²+b²-2ab cosC=(√2)²+2²-2·√2·2·cos(3π/4)=2+4-4√2·(-√2/2)=10，所以c=√10。故选：B。,K_TRI_002|K_TRI_003,T_TRI_001,E-CAL-001|E-CAL-002|E-CON-001|E-FOM-001|E-MOD-001,低
Q_TRI_202,长沙周南中学2021 高一月考,选择题,在△ABC 中，角A，B，C 的对边分别为a，b，c． 则“a > b”是“cosA < cosB”的( ),A.充分不必要条件|B.必要不充分条件|C.充要条件|D.既不充分也不必要条件,C,"在△ABC 中， “a > b”⇔“A > B” 而三角形内角的取值范围为(0,π)， 容易知y = cosx 在(0,π) 是单调递减的， 所以“A > B”⇔“cosA < cosB”， 则“a > b”⇔“cosA < cosB”， 即“a > b”是“cosA < cosB”的充要条件 故选：C.",K_TRI_002|K_TRI_003,T_TRI_001,E-CAL-001|E-CAL-002|E-CON-001|E-FOM-001|E-MOD-001,低
Q_TRI_203,长沙雅礼集团八校联考2025 高一期中,选择题,在△ABC 中，角A，B，C 的对边分别为a，b，c， 若a-b c-b = sinC sinA+sinB ，则A = ( ),A.π/6|B.π/3|C.2π/3|D.π/3 或2π/3,B,"因为a-b c-b = sinC sinA+sinB ， 由正弦定理得a-b c-b = c a+b ，整理得b² + c² - a² = bc， 由余弦定理得cosA = b² +c² -a² 2bc = bc 2bc = 1 2 ， 又因为A ∈0,π ，所以A = π/3 ． 故选：B． 3 [湖南师大附中2021 高一期中] 在△ABC 中，a、b、c 分别为角A，B，C 的对边，",K_TRI_002,T_TRI_002,E-CAL-001|E-CON-001|E-MOD-001,低
Q_TRI_204,湖南师大附中2021 高一期中,解答题,在△ABC 中，a、b、c 分别为角A，B，C 的对边， 已知cosB cosC = b 2a-c ，S△ABC = 3 3 4 ，且b = 3，则a + c 的值等于 .,,3 2,"由正弦定理得cosB cosC = b 2a-c = sinB 2sinA-sinC ， 整理可得：sinBcosC = 2sinAcosB - sinCcosB， 可得sinBcosC + sinCcosB = sin(B + C) = sinA = 2sinAcosB. 因为A 为三角形内角，sinA ≠0,B ∈(0,π)， 所以cosB = 1 2 ,B = π/3 , 又S△ABC = 3 3 4 ,b = 3， 所以3 3 4 = 1 2 acsinB = 1 2 × a × c × 3 2 = 3 4 ac， 解得ac = 3， 由余弦定理得9 = a² + c² - ac = (a + c)2- 3ac = (a + c)2- 9， 解得a + c = 3 2. 故答案为：3 2. 【全左齐次】 4 [长沙雅礼教育集团2025 高一月考] 已知a,b,c 分别为△ABC 三个内角A,B,C 的对边，",K_TRI_002,T_TRI_002,E-CAL-001|E-CON-001|E-MOD-001,低
Q_TRI_205,长沙雅礼教育集团2025 高一月考,解答题,"已知a,b,c 分别为△ABC 三个内角A,B,C 的对边， 且acosC + 3asinC - b - c = 0，则A = ( ) A. π/2 B. π/6 C. 2π/3 D. π/3",,3,【巧用常数】 注意到2bsinB + 2csinC = bc + 3a 并不齐次，下面尝试将其化为齐次： ∵A = π/3 ，∴sinA = 3 2 ，则1 = 2 3 ， 则bc + 3a 可以化成2 3 sinA ⋅bc + 2sinA ⋅a， 即有2bsinB + 2csinC = 2 3 bcsinA + 2asinA， 由正弦定理，可得2b² + 2c² = 2 3 abc + 2a2，即b² + c² - a² = 1 3 abc， 又由余弦定理，则cosA = b² +c² -a² 2bc = 1 3 abc 2bc = a 2 3 = 1 2 ，所以a = 3. 故答案为：3. 【引入新变量R】 由正弦定理，a sinA = b sinB = c sinC = 2R(R 为外接圆半径)， 得sinB = b 2R ，sinC = c 2R ， 代入条件，则2b ⋅b 2R + 2c ⋅c 2R = bc + 3a， 化简得：b² +c² R = bc + 3a，① 由余弦定理，a² = b² + c² - 2bc ⋅cosA = b² + c² - bc，② 则由①②，得a² + bc = R(bc + 3a)， 又由正弦定理a = 2RsinA = 3R，即R = a 3 ， 则a² + bc = a 3 (bc + 3a) = abc 3 + a²， 所以bc = abc 3 ，又bc ≠0，所以a = 3. 故答案为：3.,K_TRI_002,T_TRI_002,E-CAL-001|E-CON-001|E-MOD-001,低
Q_TRI_206,长沙明德中学2024 高一期末,选择题,设△ABC 的内角A、B、C 所对边分别为a，b，c， 若A = π/3 ，且不等式x²- 3+ 3 x + 3 3 < 0 的解集为{x|b < x < a}，则B = ( ),A.π/6|B.5π/6|C.π/6 或5π/6|D.2π/3,A,"不等式x²- 3+ 3 x + 3 3 < 0 即x-3 x- 3 < 0，解此不等式可得 3 < x < 3， 所以，a = 3，b = 3 ， 由正弦定理可得 b sinB = a sinA ，所以，sinB = bsinA a = 3sin π/3 3 = 1 2 ， ∵b < a，所以B < A，可得B 是锐角，所以B = π/6 ， 故选：A． 2 [长沙一中2024 高一月考] 在△ABC 中，角A,B,C 的对边分别为a,b,c，",K_TRI_002|K_TRI_004,T_TRI_003,E-CAL-001|E-CON-001|E-CON-002|E-LOG-002|E-MOD-001,低
Q_TRI_207,长沙一中2024 高一月考,填空题,"在△ABC中，角A,B,C的对边分别为a,b,c，若A=30°，a=4，b=4√3，则c的值为______。",,4或8,由余弦定理a²=b²+c²-2bc cosA，代入a=4、b=4√3、A=30°，得16=48+c²-2·4√3·c·(√3/2)，即c²-12c+32=0，(c-4)(c-8)=0，解得c=4或c=8。故答案为：4或8。,K_TRI_002|K_TRI_004,T_TRI_003,E-CAL-001|E-CON-001|E-CON-002|E-LOG-002|E-MOD-001,低
Q_TRI_208,原创（基于PDF题型）,填空题,在△ABC中，已知A=30°，B=70°，则C=____。,,80°,由三角形内角和定理，A+B+C=180°，所以C=180°-30°-70°=80°。,K_TRI_001|K_TRI_002,T_TRI_001,E-CAL-001|E-CON-001|E-LOG-001|E-MOD-001,低
Q_TRI_209,湖南师大附中2024 高二期末,填空题,"已知△ABC的内角A,B,C所对边分别为a,b,c，若(a-2c cosB)sinA=2a cosA，a=2，且cosB=-sinC，则bc=______。",,4/3,"由正弦定理a=2RsinA、c=2RsinC及射影定理，a-2c cosB=b cosC-c cosB=2R sin(B-C)；代入题设(a-2c cosB)sinA=2a cosA=4R sinA cosA，约去2R sinA得sin(B-C)=2cosA。又cosB=-sinC=cos(π/2+C)，余弦在(0,π)单调，故B=π/2+C，即B-C=π/2，于是1=2cosA，A=π/3。结合B+C=2π/3得B=7π/12、C=π/12。由2R=a/sinA=4/√3，得bc=(2R)²sinB sinC=(16/3)sin(7π/12)sin(π/12)=(16/3)·(1/4)=4/3。故答案为：4/3。",K_TRI_002,T_TRI_002,E-CAL-001|E-CON-001|E-MOD-001,低
Q_TRI_210,01解三角形的入门题型.txt,解答题,. [衡阳八中2024 高三月考]△ABC 中，内角A，B 的对边分别为a，b，则下列能成为“a > b”的充 要条件的有( ) A. sinA > sinB B. cosA < cosB C. cos2A < cos2B D. sin2A > sin2B,,30 + 30 3,由题意可画图，如下，设缉私艇在C 处截住走私船，D 为岛A 正南方向上一点， 设缉私艇的速度为x 海里/ 小时，则BC = 0.5x，AC = 5，∠BAC = 180° -38° -22° = 120°. 由余弦定理可得BC²= AB²+ AC²- 2AB·ACcos120°， 其中AB = 3，所以BC²= 9 + 25 - 2 × 3 × 5 × 1 2 = 49， 所以BC = 0.5x = 7，解得x = 14. 又由正弦定理得sin∠ABC = AC·sin∠BAC BC = 5× 3 2 7 = 5 3 14 ， 因为sin38° ≈5 3 14 ，所以∠ABC = 38°， 又∠BAD = 38°，所以BC ∥AD， 故缉私艇以14 海里/ 小时的速度向正北方向行驶，恰好用0.5 小时截住该走私船．,K_TRI_002|K_TRI_003,T_TRI_001,E-CAL-001|E-CAL-002|E-CON-001|E-FOM-001|E-MOD-001,低
Q_TRI_211,2013·湖南高考真题,选择题,在锐角△ABC中，角A，B所对的边长分别为a，b，若2asinB=√3b，则角A等于( ),A.π/12|B.π/6|C.π/4|D.π/3,D,由正弦定理a/sinA=b/sinB，得2sinA·sinB=√3sinB，因为sinB≠0，所以2sinA=√3，sinA=√3/2。又因为△ABC是锐角三角形，所以A=π/3。,K_TRI_002,T_TRI_001,E-CAL-001|E-CON-001|E-MOD-001,低
Q_TRI_212,2017·全国Ⅲ高考真题,填空题,△ABC的内角A，B，C的对边分别为a，b，c。已知C=60°，b=√6，c=3，则A=____。,,75°,由正弦定理b/sinB=c/sinC，得√6/sinB=3/sin60°=3/(√3/2)=2√3，所以sinB=√6/(2√3)=√2/2。因为b<c，所以B<C=60°，B=45°，所以A=180°-60°-45°=75°。,K_TRI_002|K_TRI_003,T_TRI_001,E-CAL-001|E-CAL-002|E-CON-001|E-FOM-001|E-MOD-001,低
Q_TRI_213,2016·全国Ⅱ卷·高考真题,填空题,"△ABC内角A,B,C对边为a,b,c，若cosA=4/5，cosC=5/13，a=1，则b=____。",,21/13,①由cosA=4/5得sinA=3/5，由cosC=5/13得sinC=12/13；②sinB=sin(A+C)=sinAcosC+cosAsinC=(3/5)(5/13)+(4/5)(12/13)=63/65；③正弦定理b=asinB/sinA=1·(63/65)/(3/5)=21/13。,K_TRI_002|K_TRI_003,T_TRI_001,E-CAL-001|E-CAL-002|E-CON-001|E-FOM-001|E-MOD-001,低
Q_TRI_214,原创（基于十类题型解析版）,解答题,在△ABC中，已知a=√3，b=√2，A=60°，求B。,,45°,①由正弦定理sinB=bsinA/a=√2·(√3/2)/√3=√2/2；②因为b<a，所以B<A=60°，故B=45°（舍去135°）。,K_TRI_006|K_TRI_002,T_TRI_003,E-CAL-001|E-CAL-003|E-CON-001|E-FOM-002|E-FOM-007|E-MOD-001,低
Q_TRI_215,2024·全国甲卷·高考真题,选择题,"在△ABC中，内角A,B,C对边为a,b,c，若B=π/3，b²=(9/4)ac，则sinA+sinC=( )",A.2√39/13|B.√39/13|C.√7/2|D.3√13/13,C,①由正弦定理b²=(9/4)ac化为sin²B=(9/4)sinAsinC，得sinAsinC=(4/9)·(3/4)=1/3；②由余弦定理b²=a²+c²-ac=(9/4)ac，得a²+c²=(13/4)ac；③正弦定理得sin²A+sin²C=(13/4)sinAsinC=13/12；④(sinA+sinC)²=13/12+2/3=7/4，因为sinA+sinC>0，所以sinA+sinC=√7/2。,K_TRI_002|K_TRI_004,T_TRI_002,E-CAL-001|E-CON-001|E-CON-002|E-LOG-002|E-MOD-001,高
Q_TRI_216,2023·天津·高考真题,解答题,在△ABC中，a=√39，b=2，∠A=120°。(1)求sinB；(2)求c；(3)求sin(B-C)。,,(1)√13/13；(2)5；(3)-7√3/26,(1)①正弦定理√39/sin120°=2/sinB，sinB=2·(√3/2)/√39=√13/13；(2)①余弦定理39=4+c²-2·2·c·(-1/2)=c²+2c+4；②c²+2c-35=0，c=5（舍去-7）；(3)①sinC=5·(√3/2)/√39=5√13/26，B、C均锐角；②cosC=3√39/26，cosB=2√39/13；③sin(B-C)=sinBcosC-cosBsinC=(√13/13)(3√39/26)-(2√39/13)(5√13/26)=-7√3/26。,K_TRI_002|K_TRI_003,T_TRI_001,E-CAL-001|E-CAL-002|E-CON-001|E-FOM-001|E-MOD-001,高
