knowledge_id,一级模块,二级模块,三级模块,知识点名称,难度,前置知识点,掌握标准,补弱建议
K_TRI_001,解三角形,入门题型,基本定理,内角和定理与边角关系,1,,能利用三角形内角和为180°进行角度转化，理解大边对大角的边角关系,复习内角和定理与边角关系的基本概念和公式，通过基础练习题巩固，确保公式记忆准确
K_TRI_002,解三角形,入门题型,基本定理,正弦定理,2,K_TRI_001,能准确写出正弦定理公式，理解2R的几何意义，能在已知两角一边或两边一对角时解三角形,复习正弦定理的基本概念和公式，通过基础练习题巩固，确保公式记忆准确
K_TRI_003,解三角形,入门题型,基本定理,余弦定理,2,K_TRI_001|K_TRI_002,能准确写出余弦定理及其变形公式，能在已知三边或两边夹角时解三角形,复习余弦定理的基本概念和公式，通过基础练习题巩固，确保公式记忆准确
K_TRI_004,解三角形,入门题型,基本定理,正弦定理与余弦定理的变形应用（边角互化）,3,K_TRI_002|K_TRI_003,能准确写出正弦定理公式，理解2R的几何意义，能在已知两角一边或两边一对角时解三角形,复习正弦定理与余弦定理的变形应用（边角互化）的基本方法，整理典型例题的解题步骤，多做中等难度练习
K_TRI_005,解三角形,入门题型,基本定理,降幂公式与二倍角公式,2,K_TRI_002,能正确应用二倍角公式和降幂公式进行三角恒等变换,复习降幂公式与二倍角公式的基本概念和公式，通过基础练习题巩固，确保公式记忆准确
K_TRI_006,解三角形,入门题型,三角形个数,三角形个数问题（SSA型多解/一解/无解）,3,K_TRI_002|K_TRI_004,能判断已知两边一对角（SSA型）时三角形解的个数（0个、1个、2个）,复习三角形个数问题（SSA型多解/一解/无解）的基本方法，整理典型例题的解题步骤，多做中等难度练习
K_TRI_007,解三角形,入门题型,三角形形状,三角形形状判断（边化角与角化边策略）,3,K_TRI_004|K_TRI_005,能通过边的关系或角的关系判断三角形的形状（等腰、直角、锐角、钝角等）,复习三角形形状判断（边化角与角化边策略）的基本方法，整理典型例题的解题步骤，多做中等难度练习
K_TRI_008,解三角形,入门题型,面积问题,三角形面积公式,2,K_TRI_002|K_TRI_003,能灵活运用多种面积公式求解三角形面积及相关问题,复习三角形面积公式的基本概念和公式，通过基础练习题巩固，确保公式记忆准确
K_TRI_009,解三角形,入门题型,面积问题,三角形周长计算（结合完全平方公式）,3,K_TRI_003|K_TRI_008,能结合完全平方公式求解三角形周长及相关范围问题,复习三角形周长计算（结合完全平方公式）的基本方法，整理典型例题的解题步骤，多做中等难度练习
K_TRI_010,解三角形,入门题型,实际应用,测量角概念（仰角、俯角、方位角、方向角、坡度）,2,K_TRI_001,理解仰角、俯角、方位角、方向角、坡度等概念，能正确识别示意图,复习测量角概念（仰角、俯角、方位角、方向角、坡度）的基本概念和公式，通过基础练习题巩固，确保公式记忆准确
K_TRI_011,解三角形,入门题型,实际应用,距离与高度测量问题,3,K_TRI_002|K_TRI_003|K_TRI_010,能将实际测量问题转化为解三角形问题并正确求解,复习距离与高度测量问题的基本方法，整理典型例题的解题步骤，多做中等难度练习
K_TRI_012,解三角形,入门题型,三角恒等变换,诱导公式统一函数名,3,K_TRI_005,能运用诱导公式统一三角函数名，进行化简求值,复习诱导公式统一函数名的基本方法，整理典型例题的解题步骤，多做中等难度练习
K_TRI_013,解三角形,进阶题型,三角恒等变换,拆角与凑角技巧（出现三个角时的处理）,4,K_TRI_012|K_TRI_004,掌握拆角与凑角技巧，能处理出现三个角时的恒等变换问题,梳理拆角与凑角技巧（出现三个角时的处理）的常见转化技巧和辅助线构造方法，多做综合题训练
K_TRI_014,解三角形,进阶题型,三角恒等变换,辅助角公式化一与三角函数图象性质,4,K_TRI_013|K_TRI_005,能运用辅助角公式化简三角函数，结合图象性质求解值域问题,梳理辅助角公式化一与三角函数图象性质的常见转化技巧和辅助线构造方法，多做综合题训练
K_TRI_015,解三角形,进阶题型,倍角关系,倍角关系的证明和应用（A=2B型边角关系）,4,K_TRI_004|K_TRI_005,理解倍角关系（A=2B型）的边角转化方法并能熟练应用,梳理倍角关系的证明和应用（A=2B型边角关系）的常见转化技巧和辅助线构造方法，多做综合题训练
K_TRI_016,解三角形,进阶题型,倍角关系,扩角降幂公式的应用,3,K_TRI_015|K_TRI_005,能运用扩角降幂公式进行三角恒等变换化简,复习扩角降幂公式的应用的基本方法，整理典型例题的解题步骤，多做中等难度练习
K_TRI_017,解三角形,进阶题型,倍角关系,图形中二倍角的处理（构造等腰三角形）,4,K_TRI_015|K_TRI_003,掌握构造等腰三角形处理二倍角问题的方法,梳理图形中二倍角的处理（构造等腰三角形）的常见转化技巧和辅助线构造方法，多做综合题训练
K_TRI_018,解三角形,进阶题型,中线问题,三角形中线定理与中线问题（倍长中线、向量法）,4,K_TRI_003|K_TRI_004,能运用中线定理、向量法、倍长中线等方法解决中线相关问题,梳理三角形中线定理与中线问题（倍长中线、向量法）的常见转化技巧和辅助线构造方法，多做综合题训练
K_TRI_019,解三角形,进阶题型,角平分线,三角形角平分线定理与张角定理,4,K_TRI_003|K_TRI_008,能运用角平分线定理和张角定理解决角平分线相关问题,梳理三角形角平分线定理与张角定理的常见转化技巧和辅助线构造方法，多做综合题训练
K_TRI_020,解三角形,进阶题型,高线问题,三角形高线性质与高线问题（等面积法）,3,K_TRI_008|K_TRI_003,能运用高线性质和等面积法解决高线相关问题,复习三角形高线性质与高线问题（等面积法）的基本方法，整理典型例题的解题步骤，多做中等难度练习
K_TRI_021,解三角形,进阶题型,等分线,其它等分线与比例线段（三等分线、定比分点）,4,K_TRI_018|K_TRI_019,掌握三等分线、定比分点等比例线段的处理方法,梳理其它等分线与比例线段（三等分线、定比分点）的常见转化技巧和辅助线构造方法，多做综合题训练
K_TRI_022,解三角形,进阶题型,外接圆,三角形外接圆与外心（半径计算、面积关系）,3,K_TRI_002|K_TRI_003,理解外心的定义和性质，能计算外接圆半径并应用面积关系,复习三角形外接圆与外心（半径计算、面积关系）的基本方法，整理典型例题的解题步骤，多做中等难度练习
K_TRI_023,解三角形,进阶题型,内切圆,三角形内切圆与内心（半径计算、面积关系）,3,K_TRI_008|K_TRI_022,理解内心的定义和性质，能计算内切圆半径并应用面积关系,复习三角形内切圆与内心（半径计算、面积关系）的基本方法，整理典型例题的解题步骤，多做中等难度练习
K_TRI_024,解三角形,进阶题型,多三角形,多三角形问题（公共边、公共角）,4,K_TRI_003|K_TRI_004,能在多三角形图形中利用公共边、公共角进行转化求解,梳理多三角形问题（公共边、公共角）的常见转化技巧和辅助线构造方法，多做综合题训练
K_TRI_025,解三角形,进阶题型,多三角形,平面四边形分割计算,4,K_TRI_024|K_TRI_003,能将平面四边形分割为三角形，综合运用正余弦定理解题,梳理平面四边形分割计算的常见转化技巧和辅助线构造方法，多做综合题训练
K_TRI_026,解三角形,进阶题型,几何图形类,两次余弦定理法解几何图形,4,K_TRI_024|K_TRI_003,能准确写出余弦定理及其变形公式，能在已知三边或两边夹角时解三角形,梳理两次余弦定理法解几何图形的常见转化技巧和辅助线构造方法，多做综合题训练
K_TRI_027,解三角形,进阶题型,几何图形类,构造辅助线与相似三角形,4,K_TRI_024|K_TRI_026,能构造合适的辅助线，运用相似三角形解决问题,梳理构造辅助线与相似三角形的常见转化技巧和辅助线构造方法，多做综合题训练
K_TRI_028,解三角形,进阶题型,几何图形类,平面向量法解几何图形,4,K_TRI_024|K_TRI_018,能运用平面向量方法解决解三角形几何问题,梳理平面向量法解几何图形的常见转化技巧和辅助线构造方法，多做综合题训练
K_TRI_029,解三角形,进阶题型,几何图形类,建立坐标系法（解析几何思路）,4,K_TRI_024|K_TRI_028,掌握建立坐标系的解析几何思路，能转化为坐标运算求解,梳理建立坐标系法（解析几何思路）的常见转化技巧和辅助线构造方法，多做综合题训练
K_TRI_030,解三角形,进阶题型,几何图形类,圆内接四边形与四点共圆问题,5,K_TRI_025|K_TRI_022,理解圆内接四边形性质，能运用四点共圆解决问题,梳理圆内接四边形与四点共圆问题与其他知识点的联系，做高考真题和压轴题，提升综合分析能力
K_TRI_031,解三角形,进阶题型,四心问题,重心问题（重心性质与向量表示）,4,K_TRI_018|K_TRI_022,掌握重心的性质与向量表示，能解决重心相关问题,梳理重心问题（重心性质与向量表示）的常见转化技巧和辅助线构造方法，多做综合题训练
K_TRI_032,解三角形,进阶题型,四心问题,外心问题（外心与外接圆、中垂线交点）,4,K_TRI_022|K_TRI_018,深入理解外心与外接圆、中垂线交点的关系，能解决复杂外心问题,梳理外心问题（外心与外接圆、中垂线交点）的常见转化技巧和辅助线构造方法，多做综合题训练
K_TRI_033,解三角形,进阶题型,四心问题,垂心问题（垂心性质与高线交点）,5,K_TRI_020|K_TRI_032,掌握垂心的性质与高线交点的关系，能解决垂心相关问题,梳理垂心问题（垂心性质与高线交点）与其他知识点的联系，做高考真题和压轴题，提升综合分析能力
K_TRI_034,解三角形,进阶题型,四心问题,内心问题（内心与内切圆、角平分线交点）,4,K_TRI_023|K_TRI_019,深入理解内心与内切圆、角平分线交点的关系，能解决复杂内心问题,梳理内心问题（内心与内切圆、角平分线交点）的常见转化技巧和辅助线构造方法，多做综合题训练
K_TRI_035,解三角形,综合应用,最值范围,与角或三角函数有关的最值与范围,5,K_TRI_014|K_TRI_013,能处理与角或三角函数有关的最值与范围问题,梳理与角或三角函数有关的最值与范围与其他知识点的联系，做高考真题和压轴题，提升综合分析能力
K_TRI_036,解三角形,综合应用,最值范围,与边长或周长有关的最值与范围（基本不等式/函数法）,5,K_TRI_009|K_TRI_035,能运用基本不等式或函数法求解边长与周长的最值范围,梳理与边长或周长有关的最值与范围（基本不等式/函数法）与其他知识点的联系，做高考真题和压轴题，提升综合分析能力
K_TRI_037,解三角形,综合应用,最值范围,与三角形面积有关的最值与范围,5,K_TRI_008|K_TRI_035,能处理与三角形面积有关的最值与范围问题,梳理与三角形面积有关的最值与范围与其他知识点的联系，做高考真题和压轴题，提升综合分析能力
K_TRI_038,解三角形,综合应用,最值范围,锐角三角形中面积/周长范围问题,5,K_TRI_035|K_TRI_037,掌握锐角三角形中面积/周长范围问题的特殊处理方法,梳理锐角三角形中面积/周长范围问题与其他知识点的联系，做高考真题和压轴题，提升综合分析能力
K_TRI_039,解三角形,综合应用,最值范围,线性表达式范围（如2b-c的取值范围）,5,K_TRI_035|K_TRI_002,能求解线性表达式（如2b-c）的取值范围,梳理线性表达式范围（如2b-c的取值范围）与其他知识点的联系，做高考真题和压轴题，提升综合分析能力
K_TRI_040,解三角形,综合应用,特殊定理,射影定理（第一余弦定理）,4,K_TRI_003|K_TRI_004,能准确写出余弦定理及其变形公式，能在已知三边或两边夹角时解三角形,梳理射影定理（第一余弦定理）的常见转化技巧和辅助线构造方法，多做综合题训练
K_TRI_041,解三角形,综合应用,特殊定理,角平分线长度公式与斯图尔特定理,5,K_TRI_018|K_TRI_019,了解斯图尔特定理，能运用角平分线长度公式解题,梳理角平分线长度公式与斯图尔特定理与其他知识点的联系，做高考真题和压轴题，提升综合分析能力
K_TRI_042,解三角形,综合应用,特殊模型,托勒密定理与圆内接四边形,5,K_TRI_030|K_TRI_003,了解托勒密定理，能在圆内接四边形问题中应用,梳理托勒密定理与圆内接四边形与其他知识点的联系，做高考真题和压轴题，提升综合分析能力
K_TRI_043,解三角形,综合应用,特殊模型,塞瓦定理与梅涅劳斯定理,5,K_TRI_019|K_TRI_021,了解塞瓦定理与梅涅劳斯定理的内容和适用场景,梳理塞瓦定理与梅涅劳斯定理与其他知识点的联系，做高考真题和压轴题，提升综合分析能力
K_TRI_044,解三角形,综合应用,证明类问题,边角关系等式证明,4,K_TRI_004|K_TRI_013,能进行边角关系等式的证明,梳理边角关系等式证明的常见转化技巧和辅助线构造方法，多做综合题训练
K_TRI_045,解三角形,综合应用,证明类问题,三角形不等式证明（外森比克不等式等）,5,K_TRI_036|K_TRI_044,了解三角形不等式（如外森比克不等式）的证明方法,梳理三角形不等式证明（外森比克不等式等）与其他知识点的联系，做高考真题和压轴题，提升综合分析能力
K_TRI_046,解三角形,综合应用,证明类问题,布洛卡点与特殊点问题,5,K_TRI_033|K_TRI_034,了解布洛卡点等特殊点的性质和相关问题,梳理布洛卡点与特殊点问题与其他知识点的联系，做高考真题和压轴题，提升综合分析能力
K_TRI_047,解三角形,综合应用,综合交汇,解三角形与平面向量结合问题,4,K_TRI_028|K_TRI_004,能解决解三角形与平面向量结合的综合问题,梳理解三角形与平面向量结合问题的常见转化技巧和辅助线构造方法，多做综合题训练
K_TRI_048,解三角形,综合应用,综合交汇,正余弦定理与三角函数图像性质结合,5,K_TRI_014|K_TRI_035,能准确写出余弦定理及其变形公式，能在已知三边或两边夹角时解三角形,梳理正余弦定理与三角函数图像性质结合与其他知识点的联系，做高考真题和压轴题，提升综合分析能力
K_TRI_049,解三角形,综合应用,综合交汇,结构不良与条件开放性试题,5,K_TRI_004|K_TRI_035,能应对结构不良与条件开放性试题，选择合适条件解题,梳理结构不良与条件开放性试题与其他知识点的联系，做高考真题和压轴题，提升综合分析能力
