question_id,来源,题型,题干,选项,答案,解析,知识点ID,题型ID,常见错因ID,难度
Q_TRI_301,湖南耒阳一中等多校联考2024 高一期中,选择题,在△ABC中，角A，B，C的对边分别为a，b，c。若C=3A+3B，b=2，a=√2，则c=（ ）,A.√2|B.√10|C.√7|D.√2+1,B,由A+B+C=π及C=3(A+B)=3(π-C)，得4C=3π，C=3π/4。由余弦定理，c²=a²+b²-2ab cosC=(√2)²+2²-2·√2·2·cos(3π/4)=2+4-4√2·(-√2/2)=10，所以c=√10。故选：B。,K_TRI_002|K_TRI_003,T_TRI_001,E-CAL-001|E-CAL-002|E-CON-001|E-FOM-001|E-MOD-001,1
Q_TRI_302,长沙周南中学2021 高一月考,选择题,在△ABC 中，角A，B，C 的对边分别为a，b，c． 则“a > b”是“cosA < cosB”的（ ）,A.充分不必要条件|B.必要不充分条件|C.充要条件|D.既不充分也不必要条件,C,"在△ABC 中， “a > b”⇔“A > B” 而三角形内角的取值范围为(0,π)， 容易知y = cosx 在(0,π) 是单调递减的， 所以“A > B”⇔“cosA < cosB”， 则“a > b”⇔“cosA < cosB”， 即“a > b”是“cosA < cosB”的充要条件 故选：C.",K_TRI_002|K_TRI_003,T_TRI_001,E-CAL-001|E-CAL-002|E-CON-001|E-FOM-001|E-MOD-001,1
Q_TRI_303,湖南师大附中2024 高二期末,填空题,"已知△ABC的内角A,B,C所对边分别为a,b,c，若(a-2c cosB)sinA=2a cosA，a=2，且cosB=-sinC，则bc=______。",,4/3,"由正弦定理a=2RsinA、c=2RsinC及射影定理，a-2c cosB=b cosC-c cosB=2R sin(B-C)；代入题设(a-2c cosB)sinA=2a cosA=4R sinA cosA，约去2R sinA得sin(B-C)=2cosA。又cosB=-sinC=cos(π/2+C)，余弦在(0,π)单调，故B=π/2+C，即B-C=π/2，于是1=2cosA，A=π/3。结合B+C=2π/3得B=7π/12、C=π/12。由2R=a/sinA=4/√3，得bc=(2R)²sinB sinC=(16/3)sin(7π/12)sin(π/12)=(16/3)·(1/4)=4/3。故答案为：4/3。",K_TRI_002,T_TRI_002,E-CAL-001|E-CON-001|E-MOD-001,2
Q_TRI_304,长沙雅礼集团八校联考2025 高一期中,选择题,在△ABC 中，角A，B，C 的对边分别为a，b，c， 若a-b c-b = sinC sinA+sinB ，则A =（ ）,A.π/6|B.π/3|C.2π/3|D.π/3 或2π/3,B,"因为a-b c-b = sinC sinA+sinB ， 由正弦定理得a-b c-b = c a+b ，整理得b² + c² - a² = bc， 由余弦定理得cosA = b² +c² -a² 2bc = bc 2bc = 1 2 ， 又因为A ∈0,π ，所以A = π/3 ． 故选：B． 3 [湖南师大附中2021 高一期中] 在△ABC 中，a、b、c 分别为角A，B，C 的对边，",K_TRI_002,T_TRI_002,E-CAL-001|E-CON-001|E-MOD-001,1
Q_TRI_305,湖南师大附中2021 高一期中,填空题,在△ABC 中，a、b、c 分别为角A，B，C 的对边， 已知cosB cosC = b 2a-c ，S△ABC = 3 3 4 ，且b = 3，则a + c 的值等于 .,,3 2,"由正弦定理得cosB cosC = b 2a-c = sinB 2sinA-sinC ， 整理可得：sinBcosC = 2sinAcosB - sinCcosB， 可得sinBcosC + sinCcosB = sin(B + C) = sinA = 2sinAcosB. 因为A 为三角形内角，sinA ≠0,B ∈(0,π)， 所以cosB = 1 2 ,B = π/3 , 又S△ABC = 3 3 4 ,b = 3， 所以3 3 4 = 1 2 acsinB = 1 2 × a × c × 3 2 = 3 4 ac， 解得ac = 3， 由余弦定理得9 = a² + c² - ac = (a + c)2- 3ac = (a + c)2- 9， 解得a + c = 3 2. 故答案为：3 2. 【全左齐次】 4 [长沙雅礼教育集团2025 高一月考] 已知a,b,c 分别为△ABC 三个内角A,B,C 的对边，",K_TRI_002,T_TRI_002,E-CAL-001|E-CON-001|E-MOD-001,1
Q_TRI_306,长沙雅礼教育集团2025 高一月考,填空题,"已知a,b,c 分别为△ABC 三个内角A,B,C 的对边， 且acosC + 3asinC - b - c = 0，则A = ( ) A. π/2 B. π/6 C. 2π/3 D. π/3",,3,【巧用常数】 注意到2bsinB + 2csinC = bc + 3a 并不齐次，下面尝试将其化为齐次： ∵A = π/3 ，∴sinA = 3 2 ，则1 = 2 3 ， 则bc + 3a 可以化成2 3 sinA ⋅bc + 2sinA ⋅a， 即有2bsinB + 2csinC = 2 3 bcsinA + 2asinA， 由正弦定理，可得2b² + 2c² = 2 3 abc + 2a2，即b² + c² - a² = 1 3 abc， 又由余弦定理，则cosA = b² +c² -a² 2bc = 1 3 abc 2bc = a 2 3 = 1 2 ，所以a = 3. 故答案为：3. 【引入新变量R】 由正弦定理，a sinA = b sinB = c sinC = 2R(R 为外接圆半径)， 得sinB = b 2R ，sinC = c 2R ， 代入条件，则2b ⋅b 2R + 2c ⋅c 2R = bc + 3a， 化简得：b² +c² R = bc + 3a，① 由余弦定理，a² = b² + c² - 2bc ⋅cosA = b² + c² - bc，② 则由①②，得a² + bc = R(bc + 3a)， 又由正弦定理a = 2RsinA = 3R，即R = a 3 ， 则a² + bc = a 3 (bc + 3a) = abc 3 + a²， 所以bc = abc 3 ，又bc ≠0，所以a = 3. 故答案为：3.,K_TRI_002,T_TRI_002,E-CAL-001|E-CON-001|E-MOD-001,1
Q_TRI_307,长沙明德中学2024 高一期末,选择题,设△ABC 的内角A、B、C 所对边分别为a，b，c， 若A = π/3 ，且不等式x²- 3+ 3 x + 3 3 < 0 的解集为{x|b < x < a}，则B =（ ）,A.π/6|B.5π/6|C.π/6 或5π/6|D.2π/3,A,"不等式x²- 3+ 3 x + 3 3 < 0 即x-3 x- 3 < 0，解此不等式可得 3 < x < 3， 所以，a = 3，b = 3 ， 由正弦定理可得 b sinB = a sinA ，所以，sinB = bsinA a = 3sin π/3 3 = 1 2 ， ∵b < a，所以B < A，可得B 是锐角，所以B = π/6 ， 故选：A． 2 [长沙一中2024 高一月考] 在△ABC 中，角A,B,C 的对边分别为a,b,c，",K_TRI_002|K_TRI_004,T_TRI_003,E-CAL-001|E-CON-001|E-CON-002|E-LOG-002|E-MOD-001,1
Q_TRI_308,长沙一中2024 高一月考,填空题,"在△ABC中，角A,B,C的对边分别为a,b,c，若A=30°，a=4，b=4√3，则c的值为______。",,4或8,由余弦定理a²=b²+c²-2bc cosA，代入a=4、b=4√3、A=30°，得16=48+c²-2·4√3·c·(√3/2)，即c²-12c+32=0，(c-4)(c-8)=0，解得c=4或c=8。故答案为：4或8。,K_TRI_002|K_TRI_004,T_TRI_003,E-CAL-001|E-CON-001|E-CON-002|E-LOG-002|E-MOD-001,1
Q_TRI_309,01解三角形的入门题型.txt,解答题,已知△ABC 中，A = 30°，BC = 3 ，试求满足下列条件的△ABC 的个数. (1)AC = 4；(2)AC = 2 3 ；(3)AC = 2；(4)AC = 1.,,(1)0；(2)1；(3)2；(4)1,由正弦定理，BC sinA = AC sinB ，得sinB = AC BC sinA = AC 2 3 ， (1) 若AC = 4，则sinB = 4 2 3 = 2 2 > 1，此时无解，故△ABC 的个数为0； (2) 若AC = 2 3 ，则sinB = 2 3 2 3 = 1，则B = π/2 ，故△ABC 的个数为1； (3) 若AC = 2，则sinB = 2 2 3 = 1 3 < 1，并且此时AC > BC，则B > A， 因此B 会有两解，一个锐角，一个钝角，故△ABC 的个数为2； (4) 若AC = 1，则sinB = 1 2 3 < 1，但此时AC < BC，则B < A = 30°， 因此B 只会有一解，为锐角，故△ABC 的个数为1； 2 [长沙一中2023 高一月考] 在△ABC 中，A = 60°，BC = 2 3 ，BC 边上的高为2，,K_TRI_004,T_TRI_004,E-CON-002|E-LOG-002,2
Q_TRI_310,长沙一中2023 高一月考,填空题,在△ABC 中，A = 60°，BC = 2 3 ，BC 边上的高为2， 则满足条件的△ABC 的个数为 .,,2,"因为△ABC 中，A = 60°,BC = 2 3 ， 所以△ABC 的外接圆半径为R = 1 2 × BC sin60° = 2, 即A 位于以2 为半径的圆弧BAC 上， 如图，当△ABC 为正三角形时，此时顶点A 到BC 的距离的最大值为2 3sin60° = 3 > 2, 如图当A 位于E,F 处时，此时BE,CF 为外接圆直径，则EC ⊥BC,FB ⊥BC, 则EC = FB = 42-(2 3)2 = 2，满足A = 60°,BC = 2 3,BC 边上的高为2， 故满足条件的△ABC 的个数为2 个， 故答案为：2 3 [长沙长郡中学2024 高一月考] 已知△ABC 中，A = π",K_TRI_004,T_TRI_004,E-CON-002|E-LOG-002,1
Q_TRI_311,长沙长郡中学2024 高一月考,选择题,已知△ABC中，A=π/3，AB=2，若满足上述条件的三角形有两个，则BC的范围是（ ）,"A.(√3,2)|B.(√3,2]|C.(2,+∞)|D.(√3,+∞)",A,"记BC=a。点C是以B为圆心、a为半径的圆与射线AC的交点，点B到直线AC的距离为AB·sinA=2sin(π/3)=√3。当a=√3时圆与直线相切，仅一个交点；当√3<a<2时有两个有效交点，三角形有两个；当a=2时一个交点退化为点A，只构成一个有效三角形；a>2时亦仅一解。故BC∈(√3,2)（端点2取不到）。故选：A。",K_TRI_004,T_TRI_004,E-CON-002|E-LOG-002,1
Q_TRI_312,湖南师大附中2025 高一月考,选择题,将Rt△ABC 的每条边都增加相同的长度，得到△A′B′C′， 则△A′B′C′ 的形状为（ ）,A.直角三角形|B.锐角三角形|C.钝角三角形|D.无法判断,B,由题意不妨设C = π/2 ，则可得a² + b² = c²， 设每条边增加m(m > 0)，则新的三角形的三边分别为a + m，b + m，c + m， 因为c > a，c > b，所以c + m > a + m，c + m > b + m，即c + m 为新的三角形的最大边， 所以新的三角形的最大角的余弦值为cosC′ = (a+m)2+(b+m)2-(c+m)2 2(a+m)(b+m) ， 其中分子= a² + 2am + m²+ b² + 2bm + m²- c² - 2cm - m²= (a² + b² - c²) + 2m(a + b - c) + m² 而a² + b² = c²，a + b > c，m > 0，所以分子大于0，而分母为边长的乘积，显然大于0， 所以cosC′ > 0，则C′ 为锐角，则新的三角形为锐角三角形. 故选：B. √2 [长沙雅礼中学2025 高一期末] 在△ABC 中，若bcosC,K_TRI_005,T_TRI_005,E-LOG-003,1
Q_TRI_313,长沙雅礼中学2025 高一期末,选择题,在△ABC 中，若bcosC ccosB = 1+cos2C 1+cos2B ，则△ABC 的形状是（ ）,A.等腰三角形|B.直角三角形|C.等腰直角三角形|D.等腰三角形或直角三角形,D,"由已知1+cos2C 1+cos2B = 2cos2C 2cos2B = cos2C cos2B = bcosC ccosB ， ∴cosC cosB = b c 或cosC cosB = 0，则C = 90° 或cosC cosB = b c ， 由正弦定理，可得cosC cosB = sinB sinC ，即sinCcosC = sinBcosB，即sin2C = sin2B， ∵B,C 均为△ABC 的内角，∴2C = 2B 或2C + 2B = 180°，∴B = C 或B + C = 90°， ∴△ABC 为等腰三角形或直角三角形， 故选：D. √3 [湖南永州一中2023 高一月考] 在△ABC 中，若lgsinA - lgcosB - lgsinC = lg2，",K_TRI_005,T_TRI_005,E-LOG-003,1
Q_TRI_314,湖南永州一中2023 高一月考,选择题,在△ABC 中，若lgsinA - lgcosB - lgsinC = lg2， 则该三角形的形状是（ ）,A.等腰三角形|B.等边三角形|C.直角三角形|D.等腰直角三角形,A,∵lgsinA - lgcosB - lgsinC = lg2，∴ sinA cosB⋅sinC = 2， 由正弦定理可得 a cosB⋅c = 2，∴cosB = a 2c ， 又由余弦定理可得cosB = a² +c² -b² 2ac ，∴a² +c² -b² 2ac = a 2c ， 整理得c² = b²，则c = b，∴△ABC 的形状是等腰三角形， 故选：A.,K_TRI_005,T_TRI_005,E-LOG-003,1
Q_TRI_315,2019·全国II 卷·高考真题,填空题,"在△ABC 中，内角A,B,C 的对边分别为a,b,c. 若b = 6，a = 2c，B = π/3 ，则△ABC 的面积为 .",,6 3,"由余弦定理得b² = a² + c² - 2accosB， 所以(2c)2+ c² - 2 × 2c × c × 1 2 = 62，即c² = 12， 解得c = 2 3,c =-2 3(舍去)，所以a = 2c = 4 3 ， S△ABC = 1 2 acsinB = 1 2 × 4 3 × 2 3 × 3 2 = 6 3. 2 [长沙实验中学2024 高一月考]△ABC 的内角A，B，C 的对边是a，b，c，",K_TRI_006,T_TRI_006,E-CAL-003|E-FOM-002|E-FOM-007,3
Q_TRI_316,长沙实验中学2024 高一月考,选择题,△ABC 的内角A，B，C 的对边是a，b，c， 若△ABC 的面积为a² +b² -c² 4 ，则C 的大小（ ）,A.π/4|B.π/3|C.3π/4|D.π/6,A,"由余弦定理得：a² + b² - c² = 2abcosC， 所以△ABC 的面积S△ABC = 1 2 absinC = a² +b² -c² 4 = 1 2 abcosC， ∴sinC = cosC，又∵C ∈0,π ∴C = π/4 . 故选：A. √3 [湖南邵阳二中2024 高一月考] 我国南宋著名数学家秦九韶提出了由三角形三边求三角形",K_TRI_006,T_TRI_006,E-CAL-003|E-FOM-002|E-FOM-007,1
Q_TRI_317,湖南邵阳二中2024 高一月考,选择题,"我国南宋数学家秦九韶提出了由三角形三边求面积的“三斜求积”公式：设△ABC内角A,B,C所对边分别为a,b,c，面积为S，S=√{(1/4)[a²c²-((a²+c²-b²)/2)²]}。若a²sinC=2sinA，(a+c)²=b²+6，则用“三斜求积”公式求得△ABC的面积为（ ）",A.√3/2|B.√3|C.√2/2|D.1/2,A,由a²sinC=2sinA及正弦定理sinC/sinA=c/a，得a²·(c/a)=2，即ac=2。由(a+c)²=b²+6得a²+2ac+c²-b²=6，故a²+c²-b²=6-2ac=2。代入三斜求积公式：16S²=4a²c²-(a²+c²-b²)²=4(ac)²-2²=16-4=12，S²=3/4，S=√3/2。故选：A。,K_TRI_006,T_TRI_006,E-CAL-003|E-FOM-002|E-FOM-007,2
Q_TRI_318,长沙望城一中2025 高一期末,多选题,在△ABC 中，角A，B，C 的对边分别是a，b，c， 下列说法正确的是（ ）,A.若A > B，则cosA < cosB|B.若A = 30°，b = 5，a = 2，则△ABC 有两解|C.若a - c ⋅cosB = a ⋅cosC，则△ABC 为等腰三角形或直角三角形|D.若cosAcosBcosC > 0，则△ABC 为钝角三角形,AC,"因为函数y = cosx 在0,π 上单调递减， 在△ABC 中，因为A,B ∈0,π ，且A > B，所以cosA < cosB，故A 正确； 由正弦定理 a sinA = b sinB ，可得sinB = bsinA a = 5 4 > 1， 所以不存在这样的角B，即△ABC 无解，故B 错误； 由正弦定理可得sinA - sinC ⋅cosB = sinA ⋅cosC， 又因为sinA = sin π- B+C = sin B+C = sinBcosC + cosBsinC， 所以可得sinBcosC = sinAcosC，即sinB-sinA cosC = 0，即sinB = sinA 或cosC = 0， 则A = B 或A + B = π(舍)，或C = π/2 ，所以△ABC 为等腰三角形或直角三角形，故C 正确； 若cosAcosBcosC > 0，且A,B,C ∈0,π ，可知cosA > 0,cosB > 0,cosC > 0， 即A,B,C 都是锐角，所以△ABC 是锐角三角形，故D 错误. 故选：AC 2 [长沙麓山国际实验学校2026 高三月考] 在△ABC 中，角A，B，C 的对边分别为a，b，c，",K_TRI_007,T_TRI_007,E-LOG-004|E-MOD-002,1
Q_TRI_319,长沙麓山国际实验学校2026 高三月考,选择题,在△ABC 中，角A，B，C 的对边分别为a，b，c， 对于△ABC 有如下命题，其中正确的是（ ）,A.若a² + b²> c²，则△ABC 是锐角三角形|B.若A = π/3 ，a = 3 ，则△ABC 的外接圆的面积等于π|C.若△ABC 是锐角三角形，则sinA > cosB|D.若acosA = bcosB，则△ABC 是等腰直角三角形,C,"对于A，a²+b²>c²只能说明C为锐角，A、B是否为锐角未知，不能判定为锐角三角形，故A错误；对于B，由正弦定理2R=a/sinA=3/sin(π/3)=2√3，得R=√3，外接圆面积πR²=3π≠π，故B错误；对于C，锐角三角形中A+B>π/2，即A>π/2-B，两边均在(0,π/2)内，由正弦递增得sinA>sin(π/2-B)=cosB，故C正确；对于D，由a cosA=b cosB得sin2A=sin2B，于是A=B或A+B=π/2，为等腰三角形或直角三角形，并非“等腰直角三角形”，故D错误。综上，选C。",K_TRI_007,T_TRI_007,E-LOG-004|E-MOD-002,3
Q_TRI_320,长沙雅礼中学2021 高一月考,多选题,在△ABC 中，角A，B，C 所对的边分别为a，b，c， 下列说法正确的是（ ）,A.a:b:c = sinA:sinB:sinC|B.若sin2A = sin2B，则A = B|C.若sinA > sinB，则A > B；若A > B，则sinA > sinB|D.a sinA = b+c sinB+sinC,ACD,对于A，由正弦定理 a sinA = b sinB = c sinC = 2R， 可得，a:b:c = 2RsinA:2RsinB:2RsinC = sinA:sinB:sinC，故A 正确. 对于B，由sin2A = sin2B 及两角为三角形内角，可得A = B，或2A + 2B = π， 即A = B 或A + B = π/2 ，故B 错误； 对于C，在△ABC 中，由正弦定理可得，sinA > sinB ⇔a > b ⇔A > B， 因此A > B 是sinA > sinB 的充要条件，故C 正确； 对于D，由正弦定理 a sinA = b sinB = c sinC = 2R， 可得右边= b+c sinB+sinC = 2RsinB+2RsinC sinB+sinC = 2R = 左边，故D 正确. 故选：ACD 4 [湖南师大附属中学2021 高一期中] 在△ABC 中，内角A，B、C 所对的边分别为a、b、c，,K_TRI_007,T_TRI_007,E-LOG-004|E-MOD-002,1
Q_TRI_321,湖南师大附属中学2021 高一期中,多选题,在△ABC 中，内角A，B、C 所对的边分别为a、b、c， △ABC 的面积为S，下列与△ABC 有关的结论，正确的是（ ）,A.若sinA > cosB，则△ABC 为锐角三角形|B.若A > B，则sinA > sinB|C.若acosA = bcosB，则△ABC 一定是等腰三角形|D.若△ABC 为非直角三角形，则tanA + tanB + tanC = tanAtanBtanC,BD,对于A，由sinA>cosB=sin(π/2-B)并不能保证△ABC为锐角三角形：取A=110°、B=40°、C=30°，有sin110°>cos40°，但A为钝角，故A错误；对于B，由A>B得a>b，由正弦定理知sinA>sinB，故B正确；对于C，由a cosA=b cosB及正弦定理得sin2A=sin2B，于是2A=2B（等腰）或2A+2B=π（C为直角），不一定是等腰三角形，故C错误；对于D，由A+B+C=π有tan(A+B)=-tanC，展开整理得tanA+tanB+tanC=tanA tanB tanC，故D正确。综上，选BD。,K_TRI_007,T_TRI_007,E-LOG-004|E-MOD-002,2
Q_TRI_322,01解三角形的入门题型.txt,解答题,泉城广场上矗立着的“泉标”，成为泉城济南的标志和象征．为了测量“泉标”高度，某同学 在“泉标”的正西方向的点A 处测得“泉标”顶端的仰角为45°，沿点A 向北偏东30° 前进100m 到达 点B，在点B 处测得“泉标”顶端的仰角为30°，则“泉标”的高度为( ) A. √50 m B. √100 m C. √120 m D. √150 m,,(1)a = 10 3 ，b = 15；(2) 能够拦截成功拦截，时间为2 小时,"(1) 由题意，直线y = 3 3 x 的倾斜角为30°， 若巡逻船以30 海里/ 小时的速度向正东方向追击，设1 小时后两船相遇于点C， 如图所示，则AC ∥x 轴，AC = 30，且△ABC 关于y 轴对称， 所以AB = BC = a,∠ABC = 120°，所以a = 15 cos30° = 10 3,b = 10 3cos30° = 15. (2) 若巡逻船以5 21 海里/ 小时进行追击，设t 小时后两船相遇于点D，如图所示， 则∠ABD = 120°，BD = 15t cos30° = 10 3t，AD = 5 21t，AB = 10 3 ， 因为AD²= AB²+ BD²- 2AB ⋅BDcos∠ABD 可得(5 21t)2= (10 3)2+ (10 3t)2- 2 × 10 3 × 10 3t × - 1 2 整理得3t²- 4t - 4 = 0，解得t = 2 或t =- 2 3 (舍去)， 所以能够拦截成功拦截时间为2 小时.",K_TRI_008,T_TRI_008,E-MOD-003|E-STR-001,2
Q_TRI_323,01解三角形的入门题型.txt,填空题,. [衡阳八中2024 高三月考]△ABC 中，内角A，B 的对边分别为a，b，则下列能成为“a > b”的充 要条件的有( ) A. sinA > sinB B. cosA < cosB C. cos2A < cos2B D. sin2A > sin2B,,30 + 30 3,由题意可画图，如下，设缉私艇在C 处截住走私船，D 为岛A 正南方向上一点， 设缉私艇的速度为x 海里/ 小时，则BC = 0.5x，AC = 5，∠BAC = 180° -38° -22° = 120°. 由余弦定理可得BC²= AB²+ AC²- 2AB·ACcos120°， 其中AB = 3，所以BC²= 9 + 25 - 2 × 3 × 5 × 1 2 = 49， 所以BC = 0.5x = 7，解得x = 14. 又由正弦定理得sin∠ABC = AC·sin∠BAC BC = 5× 3 2 7 = 5 3 14 ， 因为sin38° ≈5 3 14 ，所以∠ABC = 38°， 又∠BAD = 38°，所以BC ∥AD， 故缉私艇以14 海里/ 小时的速度向正北方向行驶，恰好用0.5 小时截住该走私船．,K_TRI_002|K_TRI_003,T_TRI_001,E-CAL-001|E-CAL-002|E-CON-001|E-FOM-001|E-MOD-001,2
Q_TRI_324,湖南师大附中2022 高一期中,填空题,在△ABC中，角A，B，C的对边分别为a，b，c，已知A=B，且(2√3/3)bcosA=ccosA+acosC，若BC边上的中线长AD=√7，则△ABC的面积为___。,,√3,由射影定理ccosA+acosC=b，代入得(2√3/3)bcosA=b，因为b≠0，所以cosA=√3/2，A=π/6。因为A=B，所以A=B=π/6，C=2π/3。设BC=a，由正弦定理c/sinC=a/sinA，得c=√3a。由中线定理AB²+AC²=(1/2)BC²+2AD²，即3a²+a²=(1/2)a²+14，解得a²=4，a=2。面积S=(1/2)absinC=(1/2)·2·2·sin(2π/3)=√3。,K_TRI_009,T_TRI_009,E-CAL-004|E-STR-002,3
Q_TRI_325,02解三角形中的中线、角平分线、高线问题学生版【2026.4.10】.txt,填空题,在△ABC中，角A，B，C所对的边分别为a，b，c，∠BAC的平分线交BC于点D，且满足BD/CD=3/4，∠BAC=60°，a=7，则c=___。,,21√13/13,由角平分线定理BD/CD=AB/AC=c/b=3/4，所以c=(3/4)b。又a=BC=7，∠BAC=60°。由余弦定理a²=b²+c²-2bccosA，代入得49=b²+(9/16)b²-2·b·(3/4)b·(1/2)=(13/16)b²，解得b²=49·16/13，b=28/√13，c=(3/4)·28/√13=21√13/13。,K_TRI_010,T_TRI_010,E-CAL-005|E-FOM-003|E-STR-003,4
Q_TRI_326,02解三角形中的中线、角平分线、高线问题学生版【2026.4.10】.txt,填空题,在△ABC中，已知BC=15，AB:AC=7:8，sinB=4√3/7，则BC边上的高AD的长为___。,,12√3,设AB=7k，AC=8k。由正弦定理AC/sinB=AB/sinC，得8k/(4√3/7)=7k/sinC，解得sinC=√3/2，C=60°（因B为锐角，取C=60°）。sinA=sin(120°-B)=sin120°cosB-cos120°sinB=(√3/2)(1/7)+(1/2)(4√3/7)=5√3/14。由正弦定理BC/sinA=AB/sinC，得15/(5√3/14)=7k/(√3/2)，解得k=3。AB=21，高AD=AB·sinB=21·4√3/7=12√3。,K_TRI_011,T_TRI_011,E-CAL-005|E-MOD-004,4
Q_TRI_327,02解三角形中的中线、角平分线、高线问题学生版【2026.4.10】.txt,多选题,在△ABC中，内角A，B，C的对边分别为a，b，c，若a=4，BC边上的中线AD=4，则下列说法正确的有（ ）,A.AB·AC=12|B.b²+c²=36|C.3/5≤cosA<1|D.∠BAD的最大值为30°,ACD,由中线定理b²+c²=(1/2)a²+2AD²=8+32=40，故B错误。由余弦定理a²=b²+c²-2bccosA，得16=40-2bccosA，bccosA=12，即AB·AC=12，A正确。由b²+c²≥2bc得bc≤20，cosA=12/(bc)≥3/5，又cosA<1，故C正确。在△ABD中，由余弦定理cos∠BAD=(c²+12)/(8c)≥√3/2，故∠BAD≤30°，D正确。,K_TRI_014,T_TRI_014,E-CAL-010|E-FOM-008|E-MOD-005|E-STR-004|E-STR-008,4
Q_TRI_328,03解三角形中的外接圆、内切圆问题及多三角形问题.txt,解答题,在△ABC 中，内角A，B，C 的对边分别为a，b，c．若△ABC 的面积为S，且a = 1， 4S = b² + c² - 1，则△ABC 外接圆的面积为( ) A. 4π B. 2π C. π D. π/2,,(1) ① 6 + 2 ，②证明见解析，(2) 见解析.,(1) ①因为sinA = a 2R = 1 2 ，角A 为锐角，所以A = 30° 因为∠ABC = 45°，所以C = 105° 由正弦定理得，AB = 2Rsin105° = 4sin75° = 6 + 2 ②证明：因为∠C 是钝角，所以cosC < 0，且cosC ≠-1 所以cosC = a² +b² -c² 2ab < 0，所以a² + b²< c²， 因为∠C 是钝角，所以c 为弦长，2R 为直径长， 则c < 2R，则c2< 4R2，所以a² + b²< 4R² (2) 因为b ≤a，所以B ≤A， 因为 a sinA = b sinB = 2R， 所以： (i) 当a > 2R 或a = b = 2R 时，△ABC 不存在 (ii) 当a=2R b<a 时，A = 90°，△ABC 存在且只有一个，所以c = a² -b² (iii) 当a<2R b=a 时，∠A = ∠B 且都是锐角，sinA = sinB = a 2R 时，△ABC 存在且只有一个 所以c = 2RsinC = a R 4R²-a² (iv) 当b < a < 2R 时，∠B 总是锐角，∠A 可以是钝角，可以是锐角 所以△ABC 存在两个 当∠A < 90° 时，c = a 4R²-b² +b 4R²-a² 2R 当∠A > 90° 时，c = a 4R²-b² -b 4R²-a² 2R,K_TRI_012,T_TRI_012,E-CON-003|E-FOM-004,3
Q_TRI_329,03解三角形中的外接圆、内切圆问题及多三角形问题.txt,填空题,已知等腰三角形的底边长为6，一腰长为12，则它的内切圆面积为_____．,,27π/5,"不妨设a = 6，b = c = 12， 由余弦定理得cosA = b² +c² -a² 2bc = 122+122-62 2×12×12 = 7 8 ， ∴sinA = 1- 7 8 2 = 15 8 ． 由1 2 (a + b + c)r = 1 2 bcsinA，得r = 3 15 5 ． ∴S内= πr²= 27π/5 ． 故答案为：27π/5 ． 2 [长沙雅礼中学2025 高三月考] 记△ABC 的内角A,B,C 的对边分别为a,b,c.",K_TRI_013,T_TRI_013,E-CAL-006|E-CAL-009|E-CON-003|E-FOM-005|E-LOG-007,3
Q_TRI_330,长沙雅礼中学2025 高三月考,解答题,"记△ABC 的内角A,B,C 的对边分别为a,b,c. 已知a - b = 2，sin A-B = sinA+sinB 2 . (1) 求c； (2) 若△ABC 的内切圆在AB 上的切点为D，求AD.",,(1)4；(2)1,"(1) 由sin A-B = sinA+sinB 2 ， 则2sinAcosB - 2cosAsinB = sinA + sinB， 整理得：sinA 2cosB-1 = sinB 1+2cosA ， 则由正余弦定理，角化边可得： a 2× a² +c² -b² 2ac -1 = b 1+2× b² +c² -a² 2bc ， 整理可得：c = 2 a-b ，又a - b = 2，因此可得c = 4. (2) 由(1) 知c = 4,a - b = 2， 设△ABC 的内切圆在AC,BC 上的切点为M,N ， 则AD = AM,BD = BN,CM = CN, 则c = 4 = AB = AD + BD = AM + BN ， a - b = BC - AC = BN+CN - AM+CM = BN - AM = 2， 因此可得AM = 1，即AD = 1. 3 [长沙长郡中学2024 届高三月考] 已知△ABC 的内角A,B,C 的对边分别为a,b,c,",K_TRI_013,T_TRI_013,E-CAL-006|E-CAL-009|E-CON-003|E-FOM-005|E-LOG-007,4
Q_TRI_331,长沙长郡中学2024 届高三月考,解答题,"已知△ABC 的内角A,B,C 的对边分别为a,b,c, a = 13,A = 2π/3 ,b > c,△ABC 的内切圆圆I 的面积为3π. (1) 求b、c 的值及cos∠ABC； (2) 若点D 在AC 上，且B,I,D 三点共线，试讨论在BC 边上是否存在点M ，使得BI ⋅BM = CI ⋅ CM ？若存在，求出点M 的位置，并求出△DBM 的面积；若不存在，请说明理由.",,"(1)b = 8,c = 7，cos∠ABC = 11 13 ；(2) 存在，位置见解析，49 3 10 .","(1) 因为△ABC 内切圆圆I 的面积为3π，可得圆I 的半径为r = 3 ， 则S△ABC = 1 2 × 3 13+b+c = 1 2 bcsin 2π/3 , ∴bc = 26 + 2 b+c ， 所以b + c = 1 2 bc - 13，由余弦定理得b² + c² - 2bccos 2π/3 = 169， 得(b + c)2- bc = 169，将b + c = 1 2 bc - 13 代入整理得：(bc)2- 56bc = 0， 解得bc = 56, ∴b + c = 15, ∵b > c, ∴b = 8,c = 7. ∴由余弦定理得：cos∠ABC = 132+72-82 2×13×7 = 11 13 . (2) 记圆I 与BC 边切于点E，根据切线长定理可求得BE = 6,CE = 7， 若BI ⋅BM = CI ⋅CM ，则BE ⋅BM = CE ⋅CM ， 即6 BM = 7 13- BM ，解得BM = 7， 所以在BC 边上存在点M ，使得BI ⋅BM = CI ⋅CM . 依题意可知I 为内心，则BD 平分∠ABC， 记∠ABD = ∠DBC = θ，则cos∠ABC = cos2θ = 11 13 ， 故cosθ = 1+cos2θ 2 = 2 39 13 ,sinθ = 1-cos2θ 2 = 13 13 ， 在△ABD 中，∠ADB = π - 2π/3 - θ = π/3 - θ， 由正弦定理得 BD sin 2π/3 = AB sin∠ADB = c sin π/3 -θ ， 又sin π/3 -θ = 3 2 cosθ - 1 2 sinθ = 5 13 26 ,c = 7， ∴BD = 7 39 5 ，S△DBM = 1 2 × BM × BD × sinθ = 1 2 × 7 × 7 39 5 × 13 13 = 49 3 10 .",K_TRI_013,T_TRI_013,E-CAL-006|E-CAL-009|E-CON-003|E-FOM-005|E-LOG-007,5
Q_TRI_332,2014·湖南·高考真题,解答题,如图所示，在平面四边形ABCD 中，AD = 1，CD = 2，AC = 7. (1) 求cos∠CAD 的值； (2) 若cos∠BAD =- 7 14 ，sin∠CBA = 21 6 ，求BC 的长．,,(1) 5 5 ；(2) 2 11,(1) 在△ABC 中，由余弦定理b² = a² + c² - 2accosB， 得b² = 9 + 2 - 2 × 3 × 2cos 45° = 5，所以b = 5． 在△ABC 中，由正弦定理 b sinB = c sinC ，得 5 sin45° = 2 sinC ，所以sinC = 5 5 ． (2) 在△ADC 中，因为cos∠ADC =- 4 5 ，所以∠ADC 为钝角． 而∠ADC + C + ∠CAD = 180°，所以C 为锐角． 故cos C = 1-sin2C = 2 5 5 ，则tanC = sinC cosC = 1 2 ． 因为cos∠ADC =- 4 5 ，所以sin∠ADC = 1-cos2∠ADC = 3 5 ， 所以tan∠ADC = sin∠ADC cos∠ADC =- 3 4 ． 从而tan∠DAC = tan(180° -∠ADC - C) =-tan(∠ADC + C) =- tan∠ADC+tanC 1-tan∠ADC×tanC =- - 3 4 + 1 2 1- - 3 4 × 1 2 = 2 11 ． 3 [长沙一中2024 高三月考] 如图，在△ABC 中，D 是BC 的中点，E 是AC 上的点，,K_TRI_014,T_TRI_014,E-CAL-010|E-FOM-008|E-MOD-005|E-STR-004|E-STR-008,4
Q_TRI_333,长沙一中2024 高三月考,解答题,如图，在△ABC 中，D 是BC 的中点，E 是AC 上的点， AC = 2AB，CD = 1，AE = 3EC，∠ADB = ∠EDC = α，则cosα = ( ) A. √3 2 B. √3 3 C. √2 3 D. √3 4,,3/4（所给四个选项均无此值，原题选项设置有误）,设AB=x，则AC=2x。D为BC中点、CD=1，故BD=DC=1。在△ABC中cosB=(x²+4-4x²)/(4x)=(4-3x²)/(4x)，在△ABD中AD²=x²+1-2x cosB=(5x²-2)/2。取DC四等分点F使DF=3/4、FC=1/4，由AE=3EC得EC/AC=FC/DC=1/4，故EF∥AD且EF=AD/4；又∠EFD=∠ADB=α=∠EDF，故ED=EF=AD/4。在△ABD中cosα=(AD²+1-x²)/(2AD)，在△EDF中cosα=3/(2AD)，于是AD²-x²=2，解得x=√2、AD=2，从而cosα=(4+1-2)/(4)=3/4。注：按题面条件严谨算得cosα=3/4，所给选项√3/2、√3/3、√2/3、√3/4均无此值，系原题选项设置有误。,K_TRI_014,T_TRI_014,E-CAL-010|E-FOM-008|E-MOD-005|E-STR-004|E-STR-008,4
Q_TRI_334,长沙长郡中学2021 届高三月考,解答题,如图，在梯形ABCD 中，AB ⎳CD，AB = 2，CD = 5， ∠ABC = 2π/3 ． (1) 若AC = 2 7 ，求梯形ABCD 的面积； (2) 若AC ⊥BD，求tan∠ABD．,,(1)7 3 ；(2)tan∠ABD = 2 3 3 ．,"(1) 设BC = x，在△ABC 中，由余弦定理AC²= AB²+ BC²- 2AB ⋅BCcos∠ABC 得： 28 = 22+ x²- 2 ⋅2 ⋅x ⋅cos 2π/3 ，即x²+ 2x - 24 = 0，而x > 0，解得x = 4， 所以BC = 4，则△ABC 的面积S△ABC = 1 2 AB ⋅BC ⋅sin∠ABC = 1 2 ⋅2 ⋅4 ⋅ 3 2 = 2 3 ， 梯形ABCD 中，AB ⎳CD，△ABC 与△ADC 等高，且CD = 5AB 2 ， 所以△ADC 的面积S△ADC = 5S△ABC 2 = 5 3 ， 则梯形ABCD 的面积S = S△ABC + S△ADC = 7 3 ； (2) 在梯形ABCD 中，设∠ABD = α，而AC ⊥BD， 则∠BDC = α，∠BAC = π/2 - α，∠DBC = 2π/3 - a，∠BCA = α - π/6 ， 在△ABC 中，由正弦定理 AB sin∠BCA = BC sin∠BAC 得： 2 sin α- π/6 = BC sin π/2 -α ， 在△BDC 中，由正弦定理 CD sin∠DBC = BC sin∠BDC 得： 5 sin 2π/3 -α = BC sinα ， 两式相除得： 2sin 2π/3 -α 5sin α- π/6 = sinα sin π/2 -α ⇒ 2⋅ 3 2 cosα+ 1 2 sinα 5⋅ 3 2 sinα- 1 2 cosα = sinα cosα ， 整理得5 3sin2α - 7sinαcosα - 2 3cos2α = 0， 即5 3tan2α - 7tanα - 2 3 = 0 解得tanα = 2 3 3 或tanα =- 3 5 ， 因为α ∈ π/6 , π/2 ，则tanα = 2 3 3 ，即tan∠ABD = 2 3 3 ．",K_TRI_014,T_TRI_014,E-CAL-010|E-FOM-008|E-MOD-005|E-STR-004|E-STR-008,4
Q_TRI_335,03解三角形中的外接圆、内切圆问题及多三角形问题.txt,解答题,. △ABC 的内角A，B，C 的对边分别为a，b，c，且满足：2bcosB ac = cosC c + cosA a . (1) 求B； (2) 若△ABC 面积为S = 2 3 ，外接圆直径为4，求△ABC 的周长.,,(1) π/6 (2) (i) 证明见解析；(ii) 证明见解析.,"(1) 若b = c，即AB = AC，得∠ABC = ∠ACB， 点P 满足∠PAB = ∠PBC = ∠PCA = θ，则∠PCB = ∠PBA， 在△PCB 和△PBA 中，∠PCB = ∠PBA，∠PAB = ∠PBC = θ， 所以△PCB 与△PBA 相似，且PB PA = 3 ， 所以BC AB = a c = 3 ，即a = 3c， 由余弦定理得：cos∠ABC = a² +c² -b² 2ac ，且a = 3c，b = c， 得cos∠ABC = 3b² +b² -b² 2 3b² = 3 2 ，且0 < B < π， 所以∠ABC = π/6 ； (2) (i) 在△ABC 内，应用余弦定理以及三角形的面积公式得： 1 tan∠BAC = cos∠BAC sin∠BAC = b² +c² -a² 2bcsin∠BAC = b² +c² -a² 4S△ABC ， 1 tan∠ABC = cos∠ABC sin∠ABC = a² +c² -b² 2acsin∠ABC = a² +c² -b² 4S△ABC ， 1 tan∠ACB = cos∠ACB sin∠ACB = a² +b² -c² 2absin∠ACB = a² +b² -c² 4S△ABC ， 三式相加可得： 1 tan∠BAC + 1 tan∠ABC + 1 tan∠ACB = a² +b² +c² 4S△ABC ① 在△PAB 内，应用余弦定理以及三角形的面积公式得： 1 tanθ = cosθ sinθ = AP²+c² -BP² 2AP⋅csinθ = AP²+c² -BP² 4S△PAB ， 在△PBC 和△PCA 内，同理：1 tanθ = BP²+a² -CP² 4S△PBC ，1 tanθ = CP²+b² -AP² 4S△PCA ， 三式相等：1 tanθ = AP²+c² -BP² 4S△PAB = BP²+a² -CP² 4S△PBC = CP²+b² -AP² 4S△PCA ， 因为S△ABC = S△PAB + S△PBC + S△PCA，由等比性质得：1 tanθ = (AP²+c² -BP2)+(BP²+a² -CP2)+(CP²+b² -AP2) 4S△PAB+4S△PBC+4S△PCA = a² +b² +c² 4S△ABC ② 由①②式可证得：1 tanθ = 1 tan∠BAC + 1 tan∠ABC + 1 tan∠ACB ； (ii) 因为S△ABC = S△PAB + S△PBC + S△PAC = 1 2 c ⋅APsinθ + 1 2 a ⋅BPsinθ + 1 2 b ⋅CPsinθ， 即S△ABC = 1 2 sinθ c⋅AP+a⋅BP+b⋅CP ， 所以c ⋅AP + a ⋅BP + b ⋅CP = 2S△ABC sinθ ， 在△PAB,△PBC,△PAC 中， 分别由余弦定理得：BP²= c² + AP²- 2c ⋅APcosθ，CP²= a² + BP²- 2a ⋅BPcosθ， AP²= b² + CP²- 2b ⋅CPcosθ， 三式相加整理得2cosθ c⋅AP+a⋅BP+b⋅CP = a² + b² + c²， a² + b² + c² = 2cosθ c⋅AP+a⋅BP+b⋅CP ， 将c ⋅AP + a ⋅BP + b ⋅CP = 2S△ABC sinθ 代入得： a² + b² + c² = 2cosθ ⋅2S△ABC sinθ 若PB 平分∠ABC，则∠ABC = 2θ，S△ABC = 1 2 acsin2θ， 所以a² + b² + c² = 2cosθ ⋅2S△ABC sinθ = 2cosθ ⋅acsin2θ sinθ = 4accos2θ ③ 又由余弦定理可得：a² + c² = b² + 2accos2θ = b² + 2ac cos2θ-sin2θ ④ 由③- ④得：b² =-b² + 2ac sin2θ+cos2θ 所以b² = ac sin2θ+cos2θ ， 所以b² = ac.",K_TRI_014,T_TRI_014,E-CAL-010|E-FOM-008|E-MOD-005|E-STR-004|E-STR-008,3
Q_TRI_336,04解三角形中的最值、范围问题.txt,填空题,"在△ABC 中，角A,B,C 的对边分别为a,b,c，已知a² + 4b² = c²，则sinA 的最大值为______.",,1 4,已知a² + 4b² = c²，则b² = 1 4 (c² - a²)， 所以由余弦定理cosA = a² +c² -b² 2ac = a² +c² - 1 4 (c² -a²) 2ac = 5a² +3c² 8ac ≥2 5a⋅ 3c 8ac = 15 4 ， 当且仅当 5a = 3c 取等号，即cosA 的最小值为 15 4 ， 则根据sin2A + cos2A = 1，可知sinA 的最大值为 1- 15 16 = 1 4 . 故答案为：1 4 . 2 [长沙长郡中学2025 高一月考]△ABC 的内角A，B，C 的对边分别为a，b，c，,K_TRI_017,T_TRI_017,E-MOD-006|E-MOD-010|E-STR-005|E-STR-010,4
Q_TRI_337,长沙长郡中学2025 高一月考,解答题,△ABC 的内角A，B，C 的对边分别为a，b，c， 已知(2c - a)cosB - bcosA = 0. (1) 求角B 的大小； (2) 若a + c = 1，求b 的取值范围.,,(1) π/3 ；(2) 1 2 ≤b < 1.,"(1) 已知(2c - a)cosB - bcosA = 0， 由正弦定理可得：2sinCcosB - sinAcosB - sinBcosA = 0， 所以2sinCcosB = sin(A + B) = sinC， 因C 为三角形内角，则sinC ≠0，所以可得cosB = 1 2 ， 又B ∈(0,π)，所以B = π/3 ． (2) 因为B = π/3 ，a + c = 1， 由余弦定理可得b² = a² + c² - 2ac ⋅cosB = (a + c)2- 3ac 因为ac ≤ a+c 2 2， 所以b2≥(a + c)2- 3 × a+c 2 2= 1 4 ， 所以b ≥1 2 ， 又b < a + c = 1， 所以1 2 ≤b < 1． 即b 的取值范围为[ 1 2 ,1)． 3 [长沙周南中学2025 高三月考] 已知△ABC 中，角A，B，C 所对的边分别为a，b，c，",K_TRI_017,T_TRI_017,E-MOD-006|E-MOD-010|E-STR-005|E-STR-010,3
Q_TRI_338,长沙周南中学2025 高三月考,解答题,已知△ABC 中，角A，B，C 所对的边分别为a，b，c， 且bsin A-C = csin B-A . (1) 证明: b² + c² = 2a2； (2) 若△ABC 面积为 3 ，求a 的最小值.,,(1) 证明见解析；(2)2,"(1) 依题意，sinB sinAcosC-sinCcosA = sinC sinBcosA-sinAcosB ， 即2sinBsinCcosA = sinA sinBcosC+sinCcosB = sinAsin B+C = sin2A， a² = 2bccosA = b² + c² - a²，故2a² = b² + c². (2)S = 1 2 bcsinA = 3 ，故bc = 2 3 sinA ， 又由余弦定理得a² = 2bccosA，故a² = 4 3 tanA ， 又cosA = b² +c² -a² 2bc = b² +c² 4bc ≥2bc 4bc = 1 2 ， 故A ∈0, π/3 ，从而a2≥4 3 3 = 4， 即a ≥2，当b = c = 2 时等号成立，则a 的最小值为2. 4 [长沙长郡中学2022 高三月考] 已知△ABC 三内角A，B，C 的对边分别为a，b，c，",K_TRI_017,T_TRI_017,E-MOD-006|E-MOD-010|E-STR-005|E-STR-010,5
Q_TRI_339,长沙长郡中学2022 高三月考,解答题,已知△ABC 三内角A，B，C 的对边分别为a，b，c， 点D 为BC 边的中点，acosB =- b+2c cosA，AD = 1. (1) 求A； (2) 求△ABC 面积的最大值.,,(1)A = 2π/3 (2) 3,"(1) 由正弦定理得：sinAcosB =- sinB+2sinC cosA， 即：sinAcosB + cosAsinB = sin A+B = sinC =-2sinCcosA， ∵C ∈0,π ，∴sinC ≠0，∴cosA =- 1 2 ， ∵A ∈0,π ，∴A = 2π/3 ， (2) ∵D 为BC 边的中点，∴AD = 1 2 AB +AC ， ∴4AD 2= AB +AC 2= AB 2+ 2AB ⋅AC + AC 2，又AD = 1 ∴4 = c² + 2bccos 2π/3 + b² = b² + c² - bc ≥2bc - bc，即bc ≤4 当且仅当b = c = 2 时取等号 ∴S△ABC = 1 2 bcsinA ≤1 2 × 4 × 3 2 = 3(当且仅当b = c = 2 时取等号) ∴△ABC 面积的最大值为 3 5 [长沙长郡中学2021 高三月考]△ABC 的内角A，B，C 的对边分别为a，b，c，",K_TRI_017,T_TRI_017,E-MOD-006|E-MOD-010|E-STR-005|E-STR-010,5
Q_TRI_340,长沙长郡中学2021 高三月考,解答题,△ABC 的内角A，B，C 的对边分别为a，b，c， 设 3bsinA = a 2+cosB ． (1) 求B； (2) 若△ABC 的面积等于 3 ，求△ABC 的周长的最小值．,,(1)B = 2π/3 ；(2)4 + 2 3,"(1) 因为 3bsinA = a(2 + cosB)， 所以 3sinBsinA = sinA(2 + cosB)， 因为sinA > 0，所以 3sinB - cosB = 2，所以2sin B- π/6 = 2， ∵B ∈(0,π)，所以B - π/6 ∈- π/6 , 5π/6 ， 所以B - π/6 = π/2 ，∴B = 2π/3 ； (2) 依题意 3ac 4 = 3 ，∴ac = 4， 所以a + c ≥2 ac = 4，当且仅当a = c = 2 时取等号， 又由余弦定理得b² = a² + c² - 2ac ⋅cosB = a² + c² + ac ≥3ac = 12， ∴b ≥2 3 ，当且仅当a = c = 2 时取等号， 所以△ABC 的周长最小值为4 + 2 3． 6 [长沙一中2022 高一期末] 在△ABC 中，角A，B，C 所对的边分别为a，b，C，",K_TRI_017,T_TRI_017,E-MOD-006|E-MOD-010|E-STR-005|E-STR-010,5
Q_TRI_341,长沙一中2022 高一期末,解答题,在△ABC 中，角A，B，C 所对的边分别为a，b，C， 且a = 4ccosB． (1) 求证：sinBcosC = 3sinCcosB； (2) 求B - C 的最大值．,,(1) 证明见解析；(2) π/6,"(1) 证明：由a = 4ccosB 得sinA = 4sinCcosB ⇒sin B+C = sinBcosC + cosBsinC = 4sinCcosB， 故sinBcosC = 3sinCcosB； (2) 由(1) 得cosB cosB = 3sinC cosC ⇒tanB = 3tanC， ∵B、C ∈0,π ，B、C、B + C ∈0,π ，tanB、tanC 同号， 故B、C ∈0, π/2 ，B > C，tanC > 0， 则tan B-C = tanB-tanC 1+tanBtanC = 2tanC 1+3tan2C = 2 1 tanC +3tanC ≤ 2 2 1 tanC ⋅3tanC = 3 3 , 当且仅当 1 tanC = 3tanC ⇒tanC = 3 3 时取等号， 故B - C 的最大值为π/6 .",K_TRI_017,T_TRI_017,E-MOD-006|E-MOD-010|E-STR-005|E-STR-010,3
Q_TRI_342,湖南五市十校教研教改共同体2024 高二期中联考,解答题,"已知a,b,c 分别为△ABC 三个内角A, B,C 的对边，且3acosC + 3csinA = 3b． (1) 求A； (2) 若a = 2，且△ABC 为锐角三角形，求△ABC 周长的取值范围．",,"(1) π/3 ；(2) 2+2 3,6","(1) 由已知和正弦定理得3sinAcosC + 3sinCsinA = 3sinB， 又sinB = sin A+C = sinAcosC + sinCcosA， ∴ 3sinCsinA = 3sinCcosA， 又sinC ≠0，∴ 3sinA = 3cosA，有tanA = 3 ， 又A ∈0,π ，∴A = π/3 ； (2) ∵a = 2，且A = π/3 ， ∴由正弦定理有 b sinB = c sinC = 2 sin π/3 = 4 3 3 ， 从而b = 4 3 3 sinB，c = 4 3 3 sinC， ∵sinC = sin A+B = sin π/3 +B ， ∴b + c = 4 3 3 sinB+sin π/3 +B = 4 3 3 3 2 sinB+ 3 2 cosB = 4sin B+ π/6 ， 又△ABC 为锐角三角形，有B ∈0, π/2 ，且A + B = π/3 + B ∈ π/2 ,π ， ∴B ∈ π/6 , π/2 ，∴B + π/6 ∈ π/3 , 2π/3 ，有sin B+ π/6 ∈ 3 2 ,1 ， 故b + c ∈2 3,4 ，从而△ABC 周长的取值范围为2+2 3,6 ． 2 [长沙雅礼中学高三月考] 在△ABC 中，角A,B,C 的对边分别为a,b,c，",K_TRI_017,T_TRI_017,E-MOD-006|E-MOD-010|E-STR-005|E-STR-010,4
Q_TRI_343,长沙雅礼中学高三月考,解答题,"在△ABC 中，角A,B,C 的对边分别为a,b,c， 若acosC + 3asinC - b - c = 0． (1) 求A； (2) 若△ABC 是锐角三角形，c = 4，求△ABC 面积的取值范围．",,"(1)A = π/3 ；(2) 2 3,8 3","(1) 由acosC + 3asinC - b - c = 0， 可知b = acosC + 3asinC - c， 从而由正弦定理得sinB = sinAcosC + 3sinAsinC - sinC. 故sinAcosC + 3sinAsinC - sinC = sinB = sin A+C = sinAcosC + sinCcosA， 这就得到 3sinAsinC - sinC = sinCcosA， 故 3sinA - 1 = cosA. 此即1 = 3sinA - cosA = 2sin A- π/6 ， 故sin A- π/6 = 1 2 ， 得A - π/6 = π/6 + 2kπ 或A - π/6 = 5π/6 + 2kπ，这里k ∈Z. 结合0 < A < π，就知道A = π/3 . (3) 由正弦定理可得b = csinB sinC = 4sin A+C sinC = 2sinC+2 3cosC sinC = 2 + 2 3 tanC ， 故S△ABC = 1 2 bcsinA = 1 2 b 3 2 = 3·b = 2 3 + 6 tanC . 而因为△ABC 为锐角三角形， 故 0< 2π/3 -C< π/2 0<C< π/2 ， 解得C 的范围是π/6 < C < π/2 . 从而tanC 的范围是tanC > 3 3 ， 故S△ABC = 2 3 + 6 tanC 的取值范围是2 3,8 3 .",K_TRI_017,T_TRI_017,E-MOD-006|E-MOD-010|E-STR-005|E-STR-010,5
Q_TRI_344,长沙长郡中学2022 高三月考,解答题,"在△ABC 中，角A，B，C 所对的边分别为a,b,c, 设S 为△ABC 的面积，满足S = 3 4 (a² + b² - c²)． (1) 求角C 的大小； (2) 求cosA + cosB + cosC 的最大值．",,(1) π/3 ；(2) 3,"(1) 由题意可知，S = 1 2 absinC = 3 4 × 2abcosC ⇒tanC = 3 ⇒C = π/3 ； (2) 由题，可得cosA + cosB + cosC = cosA + cos( 2π/3 - A) + 1 2 = cosA + (- 1 2 cosA + 3 2 sinA) + 1 2 = 3 2 sinA + 1 2 cosA + 1 2 = sin(A + π/6 ) + 1 2 ， 其中A ∈(0, 2π/3 )，则A + π/6 ∈( π/6 , 5π/6 )， 所以当A + π/6 = π/2 ，即A = π/3 时，cosA + cosB + cosC 有最大值3 2 ． 2 [湖南永州一中2025 高二月考] 在△ABC 中，角A,B,C 所对的边分别记为a,b,c，",K_TRI_017,T_TRI_017,E-MOD-006|E-MOD-010|E-STR-005|E-STR-010,5
Q_TRI_345,湖南永州一中2025 高二月考,解答题,"在△ABC 中，角A,B,C 所对的边分别记为a,b,c， 且tanA(cosC + sinB) = cosB - sinC. (1) 证明：A + 2B = π/2 ； (2) 若a = 2，求b + c 的取值范围.",,"(1) 证明见解析；(2) (2, +∞)","(1) 因为tanA(cosC + sinB) = cosB - sinC， 所以sinA cosA (cosC + sinB) = cosB - sinC， 即sinAcosC + sinAsinB = cosAcosB - cosAsinC， 即sinAcosC + cosAsinC = cosAcosB - sinAsinB，所以sin(A + C) = cos(A + B)， 又因为△ABC 中A + C = π - B，所以sinB = sin π/2 +A+B ， 所以B = π/2 + A + B 或B + π/2 + A + B = π， 又因为A ∈(0,π)，B ∈(0,π)，则A =- π/2 (舍) 或A + 2B = π/2 ，所以A + 2B = π/2 . (2) 由(1) 得A + 2B = π/2 ，因为 a sinA = b sinB = c sinC ，所以b = asinB sinA = 2sinB sinA = 2sinB sin π/2 -2B = 2sinB cos2B ，c = asinC sinA = 2sinC sinA = 2sin π/2 +B sin π/2 -2B = 2cosB cos2B ， 则b + c = 2(sinB+cosB) cos2B = 2(sinB+cosB) cos2B-sin2B = 2 cosB-sinB = 2 cos B+ π/4 ， 又由 0<B<π/0< π/2 -2B<π/0< π/2 +B<π ，解得0 < B < π/4 ，所以π/4 < B + π/4 < π/2 ，所以0 < cos B+ π/4 < 2 2 ， 所以b + c 的取值范围为(2, +∞). 3 [长沙市明德中学2024 高二月考] 在三角形ABC 中，角A，B，C 的对边分别是a，b，c，",K_TRI_017,T_TRI_017,E-MOD-006|E-MOD-010|E-STR-005|E-STR-010,4
Q_TRI_346,长沙市明德中学2024 高二月考,解答题,在三角形ABC 中，角A，B，C 的对边分别是a，b，c， 且 3acosC = 2b- 3c cosA. (1) 求角A 的大小； (2) 求cos 5π/2 -B - 2sin² C 2 的取值范围.,,(1)A=π/6；(2)(-(√3+2)/2，√3-1],"(1)由正弦定理，√3sinAcosC=(2sinB-√3sinC)cosA，移项得√3(sinAcosC+sinCcosA)=2sinBcosA，即√3sin(A+C)=2sinBcosA。因sin(A+C)=sinB≠0，故cosA=√3/2，A=π/6。(2)cos(5π/2-B)-2sin²(C/2)=sinB+cosC-1=sinB+cos(5π/6-B)-1=(3/2)sinB-(√3/2)cosB-1=√3sin(B-π/6)-1。由A=π/6知B∈(0,5π/6)，B-π/6∈(-π/6,2π/3)，故sin(B-π/6)∈(-1/2,1]（下界对应B=0三角形退化，取不到）。所以原式取值范围为(√3·(-1/2)-1，√3·1-1]=(-(√3+2)/2，√3-1]。",K_TRI_017,T_TRI_017,E-MOD-006|E-MOD-010|E-STR-005|E-STR-010,4
Q_TRI_347,湖南师范大学附属中学2022 高一月考,解答题,"锐角△ABC 的内角A，B，C 所对的边分别是a， b，c，向量m= 2a,b ，n= 3,sinB , 且m∥n. (1) 求A； (2) 若a = 3 ，求b - c 的取值范围.",,"(1)A = π/3 ；(2) -1,1","(1) 因为m∥n，所以有2asinB = 3b，由正弦定理可得：2sinAsinB = 3sinB， 又因为B ∈0, π/2 ，所以sinB ≠0，所以sinA = 3 2 ，又A ∈0, π/2 ，解得：A = π/3 ； (2) 由正弦定理可知：b sinB = c sinC = a sinA = 3 3 2 = 2， 则b - c = 2 sinB-sinC = 2 sinB-sin 2π/3 -B ， 又△ABC 为锐角三角形，故0 < B < π/2 且0 < 2π/3 - B < π/2 ，解得：π/6 < B < π/2 ， 又2 sinB-sin 2π/3 -B = sinB - 3cosB = 2sin B- π/3 ， 由于B ∈ π/6 , π/2 ，则B - π/3 ∈- π/6 , π/6 ， 由正弦函数图象可知b - c = 2sin B- π/3 ∈-1,1 .即b - c 的取值范围为-1,1 . 5 [湖南师大附中2024 高二月考] 已知△ABC 的内角A，B，C 的对边分别为a，b，c，",K_TRI_017,T_TRI_017,E-MOD-006|E-MOD-010|E-STR-005|E-STR-010,3
Q_TRI_348,湖南师大附中2024 高二月考,解答题,已知△ABC 的内角A，B，C 的对边分别为a，b，c， 且cosA + 3sinA = b+a c ． (1) 求角C； (2) 设BC 的中点为D，且AD = 3 ，求a + 2b 的取值范围．,,"(1)C = π/3 ；(2) 2 3,4 3","(1)△ABC 中，cosA + 3sinA = b+a c ， 由正弦定理得cosA + 3sinA = sinB+sinA sinC ． 所以sinCcosA + 3sinAsinC = sinB + sinA， 即sinCcosA + 3sinAsinC = sin A+C + sinA = sinAcosC + sinCcosA + sinA， 所以 3sinAsinC = sinAcosC + sinA；又A ∈0,π ，则sinA ≠0，所以 3sinC - cosC = 1， 则有sin C- π/6 = 1 2 ，又因为C ∈0,π ，则C - π/6 = π/6 ，即C = π/3 ； (2) 设∠CAD = θ，则△ACD 中，由C = π/3 可知θ ∈0, 2π/3 ， 由正弦定理及AD = 3 可得CD sinθ = AC sin 2π/3 -θ = AD sin π/3 = 2， 所以CD = 2sinθ，AC = 2sin 2π/3 -θ ， 所以a + 2b = 4sinθ + 4sin 2π/3 -θ = 6sinθ + 2 3cosθ = 4 3sin θ+ π/6 ， 由θ ∈0, 2π/3 可知，θ + π/6 ∈ π/6 , 5π/6 ，sin θ+ π/6 ∈ 1 2 ,1 ， 所以a + 2b ∈2 3,4 3 ．即a + 2b 的取值范围2 3,4 3 . 6 [长沙周南中学2025 高二期末] 设向量m= cosx,sinx",K_TRI_017,T_TRI_017,E-MOD-006|E-MOD-010|E-STR-005|E-STR-010,4
Q_TRI_349,长沙周南中学2025 高二期末,解答题,"设向量m= cosx,sinx ，n= sin x- π/6 ,cos x- π/6 ， 函数f x = cosθ.(注：θ 表示向量m、n的夹角) (1) 求函数f x ； (2) 若锐角△ABC 的三内角A,B,C 的对边分别是a,b,c，且f A = 1， (i) 求A； (ii) 求b+c a 的取值范围.",,"(1)f x = sin 2x- π/6 ；(2) (i)A = π/3 ；(ii) 3,2 .","(1) 已知向量m= cosx,sinx ,n= sin x- π/6 ,cos x- π/6 ， m⋅n= cosx ⋅sin x- π/6 + sinx ⋅cos x- π/6 = sin 2x- π/6 ， ∴f x = cosθ = m⋅n m ⋅n = sin 2x- π/6 ， (2) (i) 由(1) 知f x = sin 2x- π/6 及f A = 1，得sin 2A- π/6 = 1 ， 所以2A - π/6 = 2kπ + π/2 k∈Z ，解得A = kπ + π/3 k∈Z ， 又A ∈0, π/2 ，得A = π/3 ， (ii) A + B + C = π，A = π/3 ，则C = 2π/3 - B， ∴b+c a = sinB+sinC sinA = sinB+sin 2π/3 -B sinA = 3 2 sinB+ 3 2 cosB sinA = 3sin B+ π/6 sinA = 2sin B+ π/6 ， 又在锐角△ABC 中 0<B< π/2 0<C= 2π/3 -B< π/2 ，解得π/6 < B < π/2 ， 所以π/3 < B + π/6 < 2π/3 ，则有 3 2 < sin B+ π/6 ≤1，即 3 < b+c a ≤2. 所以b+c a 的取值范围是 3,2 . 7 [长郡中学、长沙一中、雅礼中学、湖南师大附中2023 高三“一起考”]",K_TRI_017,T_TRI_017,E-MOD-006|E-MOD-010|E-STR-005|E-STR-010,4
Q_TRI_350,长郡中学、长沙一中、雅礼中学、湖南师大附中2023 高三“一起考”,解答题,记△ABC 的内角A，B，C 的对边分别为a，b，c，已知tanA = sinC+sinB cosC+cosB ． (1) 求A 的值； (2) 若△ABC 是锐角三角形，求b² -bc a² 的取值范围．,,"(1)A = π/3 ；(2) - 1 3 , 2 3","(1) 因为tanA = sinC+sinB cosC+cosB ， 所以sinAcosC + sinAcosB = cosAsinC + cosAsinB， 即sin A-C = sin B-A ， 所以A - C = B - A 或A-C + B-A = π(舍去)． 所以A - C = B - A，结合A + B + C = π，得A = π/3 ． (2) 由(1) 得： b² -bc a² = sin2B-sinBsinC sin2A = 4 3 sin2B-sinBsinC = 4 3 sin2B-sinB⋅sin 2π/3 -B = 4 3 sin2B-sinB⋅ 3 2 cosB+ 1 2 sinB = 4 3 1 2 sin2B- 3 2 sinB⋅cosB = 4 3 1 4 1-cos2B - 3 4 sin2B =- 1 3 3sin2B+cos2B + 1 3 =- 2 3 cos 2B- π/3 + 1 3 ． 因为△ABC 是锐角三角形，所以B，C 均为锐角， 即0 < B < π/2 ，0 < C = 2π/3 - B < π/2 ，所以π/6 < B < π/2 ， 所以2B - π/3 ∈0, 2π/3 ，- 2 3 cos 2B- π/3 + 1 3 ∈- 1 3 , 2 3 ， 所以b² -bc a² 的取值范围是- 1 3 , 2 3 ． 8 [长沙长郡中学2025 高二月考] 在锐角△ABC 中，a,b,c 分别是角A,B,C 的对边，",K_TRI_017,T_TRI_017,E-MOD-006|E-MOD-010|E-STR-005|E-STR-010,5
Q_TRI_351,长沙长郡中学2025 高二月考,解答题,"在锐角△ABC 中，a,b,c 分别是角A,B,C 的对边， 1 + tanB tanC = 2a c . (1) 求角B 的大小； (2) 求sinA + sinC 取值范围； (3) 当sinA + sinC 取得最大值时，在△ABC 所在平面内取一点D(D 与B 在AC 两侧)，使得线段 DC = 2,DA = 1，求△BCD 面积的最大值.",,"(1)B = π/3 ；(2) 3 2 , 3 ；(3) 3 + 1.","(1) 因为1 + tanB tanC = 2a c ， 所以cosBsinC+sinBcosC cosBsinC = 2sinA sinC ，即sin B+C cosBsinC = 2sinA sinC ， 又因为A + B + C = π，所以 sinA cosBsinC = 2sinA sinC 又因为sinA > 0，所以cosB = 1 2 ，因为B ∈0, π/2 ，所以B = π/3 ； (2) 在锐角△ABC 中，由(1) 得， 0<A< π/2 0< 2π/3 -A< π/2 ，∴π/6 < A < π/2 ， 所以sinA + sinC = sinA + sin A+B = sinA + sinAcos π/3 + cosAsin π/3 = 3 2 sinA + 3 2 cosA = 3sin A+ π/6 ， 由π/3 < A + π/6 < 2π/3 ，所以 3 2 < sin A+ π/6 ≤1 所以sinA + sinC 的取值范围为 3 2 , 3 ； (3) 当sinA + sinC 取得最大值时，A + π/6 = π/2 ，解得A = π/3 ； 在△ACD 中，令∠ACD = θ,∠ADC = α,AB = AC = BC = a， 则 a sinα = 1 sinθ ，所以asinθ = sinα； 又a² = 22+ 12- 2 × 2 × 1 × cosα， 所以a2cos2θ = a² - a2sin2θ = 5 - 4cosα - sin2α = cos2α - 4cosα + 4， 所以acosθ = 2 - cosα. 所以S△BCD = 1 2 × a × 2sin π/3 +θ = 3 2 acosθ + 1 2 asinθ = 3 2 2-cosα + 1 2 sinα = 3 + sin α- π/3 ≤ 3 + 1，而α ∈0,π ， 故当α = 5π/6 时等号成立， 所以△BCD 面积的最大值为 3 + 1.",K_TRI_017,T_TRI_017,E-MOD-006|E-MOD-010|E-STR-005|E-STR-010,4
Q_TRI_352,04解三角形中的最值、范围问题.txt,解答题,"记△ABC的内角A,B,C的对边分别为a,b,c，S为△ABC的面积，已知4√3S=a²-(b-c)²。(1)求角A；(2)若a=1，求△ABC面积的最大值。",,(1)A=2π/3；(2)√3/12,(1)因a²-(b-c)²=a²-b²-c²+2bc=2bc(1-cosA)，而4√3S=4√3·(1/2)bc sinA=2√3 bc sinA，两式相等并约去2bc得1-cosA=√3sinA，即2sin²(A/2)=2√3sin(A/2)cos(A/2)，故tan(A/2)=√3，A=2π/3。(2)当A=2π/3、a=1时，由余弦定理1=b²+c²-2bc cosA=b²+c²+bc。由b²+c²≥2bc得1-bc≥2bc，即bc≤1/3（当b=c时取等号）。故S=(1/2)bc sinA=(√3/4)bc≤√3/12，面积最大值为√3/12。,K_TRI_017,T_TRI_017,E-MOD-006|E-MOD-010|E-STR-005|E-STR-010,4
Q_TRI_353,05一些定理或模型问题.txt,填空题,在△ABC 中，若tanA + tanB + 2 = 2tanA ⋅tanB，则tan2C = ____.,,- 2 2,因为 1 tanB + 1 tanC = 2，所以tanB + tanC = 2tanB ⋅tanC， tanA + tanB + tanC = tanA + 2tanB ⋅tanC ≥2 2tanA⋅tanB⋅tanC ， 令x = tanA + tanB + tanC， 因tanA + tanB + tanC = tanA ⋅tanB ⋅tanC，则有x ≥2 2x ，所以x ≥8， 即tanA + tanB + tanC ≥8，最小值为8. 故答案为：- 2 2 .,K_TRI_017,T_TRI_017,E-MOD-006|E-MOD-010|E-STR-005|E-STR-010,4
Q_TRI_354,05一些定理或模型问题.txt,填空题,"设a,b,c 分别为△ABC 的内角A,B,C 的对边，已知c² = 3 a² -b² ， 且tanC = 3，则角B 的大小为_____.",,π/4,【解法1】(正弦平方差公式) sin2C = 3 sin2A-sin2B = 3sin A-B sin A+B ⇒sinC = 3sin A-B = 3sin π-2B-C = 3sin 2B+C ， tanC=3⇒sinC=3cosC=3sin 2B+C ⇒cosC=sin 2B+C ⇒2B = π/2 ⇒B = π/4 . 【解法2】(角化边硬来) c² = 3 a² -b² ⇒sin2C = 3 sin2A-sin2B = tanC sin2A-sin2B = sinC cosC sin2A-sin2B ⇒sinCcosC = sin2A-sin2B = sin² B+C - sin2B = sinBcosC+cosBsinC 2- sin2B = sin2Bcos2C + cos2Bsin2C + 2sinBcosCcosBsinC - sin2B = sin2B cos2C-1 + cos2Bsin2C + 2sinBcosCcosBsinC =-sin2Bsin2C + cos2Bsin2C + 2sinBcosCcosBsinC ⇒cosC = cos2B-sin2B sinC + 2sinBcosCcosB ⇒cosC 1-2sinBcosB = cos2B-sin2B sinC ⇒cosB-sinB 2= 3 cosB+sinB cosB-sinB ①cosB - sinB = 0 ⇒B = π/4 ②cosB - sinB ≠0 ⇒cosB - sinB = 3 cosB+sinB ⇒tanB =- 1 2 ⇒B > 90° ⇒b > a ⇒c² = 3 a² -b² < 0 矛盾 综上，B = π/4 . 故答案为：π/4 .,K_TRI_017,T_TRI_017,E-MOD-006|E-MOD-010|E-STR-005|E-STR-010,4
Q_TRI_355,05一些定理或模型问题.txt,填空题,"如图所示, 过点P 作⊙O 的两条割线分别交⊙O 于点A,B,C,D. 已知PA = 3,AB = PC = 2, 则CD 的长为 ．",,7,设⊙O 的半径为r， 由相交弦定理得AP·PB = (r + OP) (r - OP)，即AP AB-AP = r²- OP2， 所以4 × 10-4 = r²- 52，解得r = 7. 故答案为：7.,K_TRI_017,T_TRI_017,E-MOD-006|E-MOD-010|E-STR-005|E-STR-010,4
Q_TRI_356,05一些定理或模型问题.txt,填空题,如下图，在Rt△ABC 中，∠BAC = 90°，∠ABC = 30°，AC = 1，P 是斜边BC 上一动点， 将△ACP 沿直线AP 翻折，点C 的对应点为C，连接BC，当AC= BC时，BP 的长为 ．,,13 - 2,如图，连接PC，取CP 的中点O，连接OE，OD，过点O 作OH ⊥DE 于H， ∵△ABC 是等边三角形，∴∠ACB = 60°，AB = BC = AC = 5， ∵PD ⊥BC，PE ⊥AC，∴∠PEC = ∠PDC = 90°， ∵OP = OC，∴OE = OP = OC = OD， ∴C、D、P、E 四点共圆，∴∠EOD = 2∠ECD = 120°，∴当OE 的值最小时，DE 的值最小， 根据垂线段最短可得，当CP ⊥AB 时，PC = 5 3 2 ，此时OE 最小，OE = 5 3 4 ， ∵OE = OD，OH ⊥DE，∴DH = EH，∠DOH = ∠EOH = 60°， ∴∠OEH = 30°，∴OH = 1 2 OE = 5 3 8 ，∴DH = EH = OE 2-OH 2 = 15 8 ， ∴DE = 2DH = 15 4 ，∴DE 的值最小为15 4 . 故答案为：15 4 .,K_TRI_017,T_TRI_017,E-MOD-006|E-MOD-010|E-STR-005|E-STR-010,4
Q_TRI_357,05一些定理或模型问题.txt,填空题,在△ABC 中，AB = 6，BC = 2AC，则△ABC 的面积的最大值为______.,,12,"【解法1】设AB = c，BC = a，AC = b，则c = 6，a = 2b， 由余弦定理，cosC = a² +b² -c² 2ab = 5b² -36 4b² ， 所以S△ABC = 1 2 absinC = b2sinC = b² 1-cos2C = b² 1- 5b² -36 4b² 2 = b² - 25b4-360b² +362 16 = 1 4 -9 b4-40b² +144 = 1 4 -9 b² -20 2+9×256 ， 所以当b = 2 5 时，△ABC 的面积取得最大值12. 【解法2】以AB 中点O 为原点建立如图1 所示的平面直角坐标系， 则A -3,0 ，B 3,0 ，设C x,y ， 因为BC = 2AC，所以 x-3 2+y² = 2 x+3 2+y² ，化简得：x+5 2+ y²= 16 y≠0 所以点C 的轨迹是以M -5,0 为圆心，4 为半径的圆(不含与x 轴的交点)，如图1， 由图可知，S△ABC max = 1 2 × 6 × 4 = 12. 【解法3】由BC = 2AC 可知点C 的轨迹是阿氏圆，设圆心为M ，半径为r，如图2， 由阿氏圆性质，r = λd λ2-1 = 2×6 22-1 = 4，结合图形可得S△ABC max = 1 2 × 6 × 4 = 12. 故答案为：12.",K_TRI_017,T_TRI_017,E-MOD-006|E-MOD-010|E-STR-005|E-STR-010,4
Q_TRI_358,05一些定理或模型问题.txt,解答题,平面四边形ABCD 中，BC = CD = 2，AB BD = 3 4 ，∠ABD = 90°， 则AC 的最大值为_____.,,"(1)2；(2) 3,2 3 .","(1) 由托勒密定理可得AB ⋅CD + BC ⋅AD = AC ⋅BD = 4 3 ， 又AC = 3BD，∴ 3BD²= 4 3 ，∴BD = 2，AC = 2 3 ， 如图, 设圆O 的半径为R, 在△ABD，△ACD 中由正弦定理可得 2R = BD sin∠BAD = AC sin∠ADC ， ∴ 3sin∠BAD = sin∠ADC，又∠ADC = 2∠BAD， ∴ 3sin∠BAD = sin∠ADC = 2sin∠BADcos∠BAD， ∵sin∠BAD ≠0，∴cos∠BAD = 3 2 ， ∵∠BAD ∈0,π ，∴∠BAD = π/6 ， ∴R = 1 2 ⋅ BD sin∠BAD = 2， (2) 如图，设AC，BD 交于点E，设∠AED = α，∠CAD = β ∈0, π/6 ， 由弧BC 对应的圆周角相等，可知∠BAC = ∠BDC = π/6 - β， ∴∠BDA = π/3 - π/6 -β = π/6 + β， ∴α = π - β - π/6 +β = 5π/6 - 2β， 所以四边形ABCD 面积为S四边形ABCD = 1 2 ⋅AC ⋅BD ⋅sinα = 1 2 × 2 × 2 3 ⋅sin 5π/6 -2β ∈ 3,2 3 ， 所以四边形ABCD 面积的取值范围是 3,2 3 . 故答案为：(1)2；(2) 3,2 3 .",K_TRI_017,T_TRI_017,E-MOD-006|E-MOD-010|E-STR-005|E-STR-010,4
Q_TRI_359,05一些定理或模型问题.txt,解答题,. 在△ABC 中，tanA ⋅tanB = tanA + tanB + 1，则cos(A + B) 的值是____.,,(1) 6+4 3 cm；(2) π/3 ；(3) 当α = 5π/6 时，四边形OACB 的面积最大，最大值为8 + 5 3,"(1) 在△ABO 中，OA = 4，OB = 2，∠AOB = α = π/3 ， 由余弦定理得AB²= OA²+ OB²- 2OA ⋅OB ⋅cosα = 16 + 4 - 2 × 4 × 2 × 1 2 = 12，即AB = 2 3 ， 于是四边形OACB 的周长为OA + OB + 2AB = 6+4 3 cm. (2) 由托勒密定理可得OB ⋅AC + OA ⋅BC ≥AB ⋅OC， 且△ABC 为等边三角形，OB = 2,OA = 4， ∴OB + OA ≥OC，∴OC ≤6， 即OC 的最大值为6，取等号时∠OBC + ∠OAC = π， ∴cos∠OBC + cos∠OAC = 0， 不妨设AB = x，则x²+4-36 4x + x²+16-36 8x = 0，解得x = 2 7 ， ∴cos∠AOC = 16+36-28 2×4×6 = 1 2 ，∴∠AOC = π/3 . (3) 在△ABO 中，由余弦定理得 AB²= OA²+ OB²- 2OA ⋅OB ⋅cosα = 20 - 16cosα， ∴AB = 20-16cosα ，0 < α < π， 于是四边形OACB 的面积为S = S∠AOB + S∠ABC = 1 2 OA ⋅OB ⋅sinα + 3 4 AB²= 4sinα + 3 4 20-16cosα = 4sinα - 4 3cosα + 5 3 = 8sin α- π/3 + 5 3 ， 当α - π/3 = π/2 ，即α = 5π/6 时，四边形OACB 的面积取得最大值为8 + 5 3 ， 所以，当α = 5π/6 时，四边形OACB 的面积最大，最大值为8 + 5 3.",K_TRI_017,T_TRI_017,E-MOD-006|E-MOD-010|E-STR-005|E-STR-010,4
Q_TRI_360,原创（基于PDF题型归纳）,填空题,在△ABC中，角A，B，C的对边分别为a，b，c，已知2cosA(bcosC+ccosB)=a，求角A的大小。,,A=π/3,由射影定理可知bcosC+ccosB=a，代入得2cosA·a=a，因为a≠0，所以2cosA=1，cosA=1/2，又因为0<A<π，所以A=π/3。,K_TRI_013,T_TRI_020,E-LOG-007,4
Q_TRI_361,原创（基于PDF题型归纳）,填空题,在△ABC中，角A，B，C的对边分别为a，b，c，已知√3asinB-bcosA=b，求角A。,,A=π/3,由正弦定理得√3sinAsinB-sinBcosA=sinB，因为sinB≠0，所以√3sinA-cosA=1，即2sin(A-π/6)=1，sin(A-π/6)=1/2，因为0<A<π，所以A-π/6=π/6，A=π/3。,K_TRI_014,T_TRI_021,E-FOM-008|E-CAL-010,4
Q_TRI_362,原创（基于PDF题型归纳）,解答题,在△ABC中，角A，B，C的对边分别为a，b，c，已知A=2B，求证：a²=b(b+c)。,,证明见解析,因为A=2B，所以sinA=sin2B=2sinBcosB，由正弦定理得a=2bcosB，又cosB=(a²+c²-b²)/(2ac)，代入得a=2b·(a²+c²-b²)/(2ac)，化简得a²c=b(a²+c²-b²)，整理得a²(c-b)=b(c²-b²)=b(c-b)(c+b)。若c≠b，则a²=b(b+c)；若c=b，则B=C，A=2B，由A+B+C=π得4B=π，B=π/4，A=π/2，此时a²=2b²=b(b+c)=2b²，也成立。综上a²=b(b+c)。,K_TRI_015,T_TRI_022,E-LOG-008|E-MOD-010,4
Q_TRI_363,原创（基于PDF题型归纳）,填空题,在△ABC中，D是BC边上的三等分点（BD:DC=1:2），已知AB=2，AC=3，∠BAC=60°，求AD的长度。,,√37/3,由向量法，AD=AB+BD=AB+(1/3)BC=AB+(1/3)(AC-AB)=(2/3)AB+(1/3)AC，所以|AD|²=(4/9)|AB|²+(4/9)AB·AC+(1/9)|AC|²=(4/9)·4+(4/9)·2·3·cos60°+(1/9)·9=16/9+12/9+9/9=37/9，所以AD=√37/3。,K_TRI_021,T_TRI_023,E-MOD-011,4
Q_TRI_364,原创（基于PDF题型归纳）,填空题,在△ABC中，D是BC边上一点，已知AB=5，AC=4，BD=2，DC=3，求AD的长度。,,√385/5,设AD=x，在△ABD中，由余弦定理得cos∠ADB=(x²+2²-5²)/(2·x·2)=(x²-21)/(4x)。在△ACD中，cos∠ADC=(x²+3²-4²)/(2·x·3)=(x²-7)/(6x)。因为∠ADB+∠ADC=180°，所以cos∠ADB=-cos∠ADC，即(x²-21)/(4x)=-(x²-7)/(6x)，化简得3(x²-21)=-2(x²-7)，3x²-63=-2x²+14，5x²=77，x²=77/5，所以AD=√(77/5)=√385/5。,K_TRI_026,T_TRI_024,E-MOD-012,4
Q_TRI_365,原创（基于PDF题型归纳）,填空题,在△ABC中，AB=AC，D是AB延长线上一点，且BD=AB，连接CD，已知∠ACD=90°，求∠BAC的度数。,,60°,取AC中点E，连接BE，因为AB=BD，AE=EC，所以BE是△ADC的中位线，BE∥DC。又因为∠ACD=90°，所以BE⊥AC，即BE是AC的中垂线，所以AB=BC。又因为AB=AC，所以AB=AC=BC，△ABC是等边三角形，所以∠BAC=60°。,K_TRI_027,T_TRI_025,E-STR-011,4
Q_TRI_366,原创（基于PDF题型归纳）,填空题,在△ABC中，O是外心，已知AB=3，AC=5，求AO·BC的值。,,8,取BC中点M，则AO·BC=(AM+MO)·BC=AM·BC+MO·BC。因为MO⊥BC（外心在BC中垂线上），所以MO·BC=0。又AM=(AB+AC)/2，BC=AC-AB，所以AM·BC=(AB+AC)/2·(AC-AB)=(|AC|²-|AB|²)/2=(25-9)/2=8。,K_TRI_028,T_TRI_026,E-CAL-011,4
Q_TRI_367,原创（基于PDF题型归纳）,填空题,圆内接四边形ABCD中，AB=2，BC=3，CD=4，DA=5，求对角线AC的长度。,,√3289/13,因为ABCD是圆内接四边形，所以∠ABC+∠ADC=180°，cos∠ABC=-cos∠ADC。在△ABC中，AC²=AB²+BC²-2·AB·BC·cos∠ABC=4+9-12cos∠ABC=13-12cos∠ABC。在△ADC中，AC²=AD²+DC²-2·AD·DC·cos∠ADC=25+16-40cos∠ADC=41-40cos∠ADC=41+40cos∠ABC。联立得13-12cos∠ABC=41+40cos∠ABC，-52cos∠ABC=28，cos∠ABC=-7/13，所以AC²=13-12·(-7/13)=13+84/13=253/13，AC=√(253/13)=√3289/13。,K_TRI_030,T_TRI_027,E-CON-005|E-FOM-009,5
Q_TRI_368,原创（基于PDF题型归纳）,填空题,在△ABC中，G是重心，已知GA=3，GB=4，GC=5，求△ABC的面积。,,18,延长AG到M，使GM=AG=3，连接BM、CM。因为G是重心，AG:GD=2:1，D是BC中点，所以GD=1.5，GM=3，GD:GM=1:2。又BD=DC，所以四边形BMCM是平行四边形（对角线互相平分），BM=GC=5，CM=GB=4。在△GMB中，GM=3，GB=4，BM=5，所以△GMB是直角三角形，∠BGM=90°，S△GMB=1/2·3·4=6。因为G是重心，S△ABC=3S△GBC，又S△GBC=S△GMB（等底等高），所以S△ABC=3·6=18。,K_TRI_031,T_TRI_028,E-CON-006|E-FOM-010,4
Q_TRI_369,原创（基于PDF题型归纳）,填空题,在△ABC中，H是垂心，已知∠BAC=60°，BC=2√3，求AH的长度。,,2,设外接圆半径为R，由正弦定理BC/sinA=2R，即2√3/sin60°=2R，2√3/(√3/2)=2R，4=2R，R=2。因为H是垂心，由垂心性质AH=2RcosA（可通过外接圆证明：延长AH交外接圆于E，则HE=2RcosA，且H与E关于BC对称，故AH=HE=2RcosA），所以AH=2·2·cos60°=4·1/2=2。,K_TRI_033,T_TRI_029,E-CON-008,5
Q_TRI_370,原创（基于PDF题型归纳）,填空题,在锐角△ABC中，角A，B，C的对边分别为a，b，c，已知a=2，A=π/3，求△ABC面积的取值范围。,,"(2√3/3,√3]","由正弦定理a/sinA=2R，2/(√3/2)=2R，R=2/√3。b=2RsinB=(4/√3)sinB，c=(4/√3)sinC=(4/√3)sin(2π/3-B)。面积S=1/2bcsinA=1/2·(4/√3)sinB·(4/√3)sin(2π/3-B)·(√3/2)=(4√3/3)sinBsin(2π/3-B)。因为△ABC是锐角三角形，0<B<π/2，0<C=2π/3-B<π/2，即π/6<B<π/2。化简S=(2√3/3)[cos(2B-2π/3)+1/2]。因为π/6<B<π/2，所以-π/3<2B-2π/3<π/3，cos(2B-2π/3)∈(1/2,1]，所以S∈(2√3/3,√3]。",K_TRI_038,T_TRI_030,E-LOG-009|E-LOG-010,5
Q_TRI_371,原创（基于PDF题型归纳）,填空题,在△ABC中，角A，B，C的对边分别为a，b，c，已知A=π/3，a=√3，求2b-c的取值范围。,,"(-√3,2√3)","由正弦定理a/sinA=2R，√3/(√3/2)=2R，R=1。b=2sinB，c=2sinC=2sin(2π/3-B)。2b-c=4sinB-2sin(2π/3-B)=4sinB-2(sin2π/3cosB-cos2π/3sinB)=4sinB-2(√3/2cosB+1/2sinB)=4sinB-√3cosB-sinB=3sinB-√3cosB=2√3sin(B-π/6)。因为0<B<2π/3，所以-π/6<B-π/6<π/2，sin(B-π/6)∈(-1/2,1)，所以2b-c∈(-√3,2√3)。",K_TRI_039,T_TRI_031,E-STR-012,5
Q_TRI_372,原创（基于PDF题型归纳）,解答题,在△ABC中，角A，B，C的对边分别为a，b，c，求证：a²+b²+c²=2(bccosA+accosB+abcosC)。,,证明见解析,由余弦定理，a²=b²+c²-2bccosA，b²=a²+c²-2accosB，c²=a²+b²-2abcosC。三式相加得a²+b²+c²=2(a²+b²+c²)-2(bccosA+accosB+abcosC)，移项得2(bccosA+accosB+abcosC)=a²+b²+c²，即a²+b²+c²=2(bccosA+accosB+abcosC)，证毕。,K_TRI_044,T_TRI_032,E-LOG-011,4
Q_TRI_373,原创（基于PDF题型归纳）,解答题,在△ABC中，角A，B，C的对边分别为a，b，c，面积为S，求证：a²+b²+c²≥4√3S。（外森比克不等式）,,证明见解析,由余弦定理和面积公式，a²+b²+c²-4√3S=(b²+c²-2bccosA)+b²+c²-4√3·(1/2)bcsinA=2(b²+c²)-2bccosA-2√3bcsinA=2[b²+c²-bc(cosA+√3sinA)]=2[b²+c²-2bcsin(A+π/6)]≥2[b²+c²-2bc]=2(b-c)²≥0。当且仅当b=c且A=π/3即△ABC为等边三角形时等号成立。所以a²+b²+c²≥4√3S。,K_TRI_045,T_TRI_033,E-STR-013|E-CAL-012,5
Q_TRI_374,原创（基于PDF题型归纳）,填空题,在△ABC中，已知向量AB·AC=9，|AB|=3，|AC|=5，求BC的长度。,,4,由向量数量积公式AB·AC=|AB||AC|cosA=3·5·cosA=15cosA=9，所以cosA=3/5。由余弦定理BC²=AB²+AC²-2·AB·AC·cosA=9+25-2·3·5·(3/5)=34-18=16，所以BC=4。,K_TRI_047,T_TRI_034,E-MOD-015|E-CAL-011,4
Q_TRI_375,原创（基于PDF题型归纳）,填空题,在△ABC中，角A，B，C的对边分别为a，b，c，已知a=2，且(2+b)(sinA-sinB)=(c-b)sinC，求△ABC面积的最大值。,,√3,由正弦定理，(2+b)(a-b)=(c-b)c，因为a=2，所以(2+b)(2-b)=(c-b)c，4-b²=c²-bc，即b²+c²-bc=4。由余弦定理a²=b²+c²-2bccosA，4=b²+c²-2bccosA，对比得2cosA=1，cosA=1/2，A=π/3。面积S=1/2bcsinA=√3/4bc。由b²+c²-bc=4≥2bc-bc=bc，所以bc≤4，当且仅当b=c=2时等号成立，所以S≤√3/4·4=√3。,K_TRI_048,T_TRI_035,E-CAL-013|E-CAL-012,5
Q_TRI_376,原创（基于PDF题型归纳）,解答题,在△ABC中，角A，B，C的对边分别为a，b，c，已知a=√3，b=1，请从条件①B=π/6，条件②A=π/3，条件③c=2中任选一个作为补充条件，求角C。,,选①时C=π/2或π/6；选②时C=π/2；选③时C=π/2,"选①：已知a=√3，b=1，B=π/6，由正弦定理√3/sinA=1/sin(π/6)=2，sinA=√3/2，因为a>b，所以A>B，A=π/3或2π/3。当A=π/3时，C=π-π/3-π/6=π/2；当A=2π/3时，C=π-2π/3-π/6=π/6。所以C=π/2或π/6。
选②：已知a=√3，b=1，A=π/3，由正弦定理√3/sin(π/3)=1/sinB，√3/(√3/2)=2=1/sinB，sinB=1/2，因为a>b，所以A>B，B=π/6，C=π-π/3-π/6=π/2。
选③：已知a=√3，b=1，c=2，由余弦定理cosC=(a²+b²-c²)/(2ab)=(3+1-4)/(2√3)=0，C=π/2。",K_TRI_049,T_TRI_036,E-STR-014,5
Q_TRI_377,2013·湖南高考真题,选择题,在锐角△ABC中，角A，B所对的边长分别为a，b，若2asinB=√3b，则角A等于（ ）,A.π/12|B.π/6|C.π/4|D.π/3,D,由正弦定理a/sinA=b/sinB，得2sinA·sinB=√3sinB，因为sinB≠0，所以2sinA=√3，sinA=√3/2。又因为△ABC是锐角三角形，所以A=π/3。,K_TRI_002,T_TRI_001,E-CAL-001|E-CON-001|E-MOD-001,2
Q_TRI_378,2017·全国Ⅲ高考真题,填空题,△ABC的内角A，B，C的对边分别为a，b，c。已知C=60°，b=√6，c=3，则A=____。,,75°,由正弦定理b/sinB=c/sinC，得√6/sinB=3/sin60°=3/(√3/2)=2√3，所以sinB=√6/(2√3)=√2/2。因为b<c，所以B<C=60°，B=45°，所以A=180°-60°-45°=75°。,K_TRI_002|K_TRI_003,T_TRI_001,E-CAL-001|E-CAL-002|E-CON-001|E-FOM-001|E-MOD-001,2
Q_TRI_379,原创（基于PDF题型）,选择题,在△ABC中，已知(b+c):(a+c):(a+b)=4:5:6，则△ABC的形状是（ ）,A.锐角三角形|B.直角三角形|C.钝角三角形|D.等边三角形,C,设b+c=4k，a+c=5k，a+b=6k，三式相加得2(a+b+c)=15k，a+b+c=15k/2，解得a=7k/2，b=5k/2，c=3k/2。最大边为a，由余弦定理cosA=(b²+c²-a²)/(2bc)=(25k²/4+9k²/4-49k²/4)/(2·5k/2·3k/2)=(-15k²/4)/(15k²/2)=-1/2<0，所以A为钝角，△ABC是钝角三角形。,K_TRI_007,T_TRI_005,E-LOG-004|E-MOD-002,3
Q_TRI_380,2017·全国Ⅰ高考真题,填空题,△ABC的内角A，B，C的对边分别为a，b，c。已知sinB+sinA(sinC-cosC)=0，a=2，c=√2，则C=____。,,π/6,因为A+B+C=π，所以sinB=sin(A+C)=sinAcosC+cosAsinC。代入已知条件得sinAcosC+cosAsinC+sinAsinC-sinAcosC=0，即cosAsinC+sinAsinC=0。因为sinC≠0，所以cosA+sinA=0，tanA=-1，因为0<A<π，所以A=3π/4。由正弦定理a/sinA=c/sinC，得2/sin(3π/4)=√2/sinC，2/(√2/2)=√2/sinC，2√2=√2/sinC，sinC=1/2。因为a>c，所以A>C，C=π/6。,K_TRI_013,T_TRI_020,E-CAL-006|E-CAL-009|E-CON-003|E-FOM-005|E-LOG-007,4
Q_TRI_381,原创（基于PDF题型）,填空题,在△ABC中，角A，B，C的对边分别为a，b，c，已知√3sinA+cosA=1，b+c=4，求△ABC面积的最大值。,,√3,由√3sinA+cosA=1，得2sin(A+π/6)=1，sin(A+π/6)=1/2。因为0<A<π，所以π/6<A+π/6<7π/6，A+π/6=5π/6，A=2π/3。面积S=1/2bcsinA=√3/4bc。由基本不等式b+c≥2√bc，得4≥2√bc，bc≤4，当且仅当b=c=2时等号成立。所以S≤√3/4·4=√3，面积最大值为√3。,K_TRI_014,T_TRI_021,E-CAL-010|E-FOM-008|E-MOD-005|E-STR-004|E-STR-008,4
Q_TRI_382,原创（基于PDF题型）,填空题,在△ABC中，角A，B，C的对边分别为a，b，c，已知8b=5c，C=2B，则cosC=____。,,7/25,因为C=2B，所以sinC=sin2B=2sinBcosB。由正弦定理b/sinB=c/sinC，得b/sinB=c/(2sinBcosB)，b=c/(2cosB)，cosB=c/(2b)。因为8b=5c，所以c/b=8/5，cosB=(8/5)/2=4/5。cosC=cos2B=2cos²B-1=2·(16/25)-1=32/25-1=7/25。,K_TRI_015,T_TRI_022,E-CAL-007|E-LOG-005|E-LOG-008,4
Q_TRI_383,2019·浙江高考真题,填空题,在△ABC中，∠ABC=90°，AB=4，BC=3，点D在线段AC上，若BD=√13，则CD=____。,,(9+√181)/5,在Rt△ABC中，AC=√(AB²+BC²)=√(16+9)=5。设CD=x，则AD=5-x。在△BCD中，由余弦定理BD²=BC²+CD²-2·BC·CD·cosC，即13=9+x²-2·3·x·(3/5)，13=9+x²-18x/5，x²-18x/5-4=0，5x²-18x-20=0，解得x=(18±√(324+400))/10=(18±√724)/10=(18±2√181)/10=(9±√181)/5。因为x>0，所以x=(9+√181)/5。,K_TRI_018,T_TRI_018,E-FOM-006|E-STR-006,4
Q_TRI_384,原创（基于PDF题型）,填空题,在△ABC中，角A，B，C的对边分别为a，b，c，已知∠BAC=60°，AB=4，AC=6，AD是∠BAC的平分线，交BC于点D，则AD=____。,,12√3/5,由角平分线定理BD/DC=AB/AC=4/6=2/3。BC²=AB²+AC²-2·AB·AC·cos60°=16+36-2·4·6·1/2=52-24=28，BC=2√7。BD=(2/5)·2√7=4√7/5。在△ABD中，由余弦定理AD²=AB²+BD²-2·AB·BD·cosB。cosB=(AB²+BC²-AC²)/(2·AB·BC)=(16+28-36)/(2·4·2√7)=8/(16√7)=1/(2√7)。AD²=16+(16·7/25)-2·4·(4√7/5)·(1/(2√7))=16+112/25-16/5=16+112/25-80/25=16+32/25=432/25，AD=12√3/5。,K_TRI_019,T_TRI_019,E-STR-007,4
Q_TRI_385,原创（基于PDF题型）,填空题,在△ABC中，已知BC=15，AB:AC=7:8，sinB=4√3/7，则BC边上的高AD=____。,,12√3,设AB=7k，AC=8k。由正弦定理AC/sinB=AB/sinC，得8k/(4√3/7)=7k/sinC，14k/√3=7k/sinC，sinC=√3/2，C=60°（因B为锐角，取C=60°）。sinA=sin(120°-B)=sin120°cosB-cos120°sinB=(√3/2)(1/7)+(1/2)(4√3/7)=√3/14+2√3/7=5√3/14。由正弦定理BC/sinA=AB/sinC，得15/(5√3/14)=7k/(√3/2)，42/√3=14k/√3，k=3。AB=21，高AD=AB·sinB=21·4√3/7=12√3。,K_TRI_020,T_TRI_011,E-MOD-007|E-STR-008,3
Q_TRI_386,2014·广东高考真题,填空题,在△ABC中，角A，B，C所对应的边分别为a，b，c，已知bcosC+ccosB=2b，则a/b=____。,,2,由射影定理a=bcosC+ccosB，已知bcosC+ccosB=2b，所以a=2b，a/b=2。,K_TRI_040,T_TRI_018,E-CAL-008|E-FOM-001,3
Q_TRI_387,原创（基于PDF题型）,填空题,如图，在△ABC中，D是BC上的一点。已知∠B=60°，AD=2，AC=√10，DC=√2，则AB=____。,,2√6/3,在△ADC中，由余弦定理cos∠ADC=(AD²+DC²-AC²)/(2·AD·DC)=(4+2-10)/(2·2·√2)=(-4)/(4√2)=-√2/2，所以∠ADC=135°，∠ADB=45°。在△ABD中，∠B=60°，∠ADB=45°，所以∠BAD=75°。由正弦定理AB/sin∠ADB=AD/sinB，得AB/sin45°=2/sin60°，AB/(√2/2)=2/(√3/2)，AB=2·(√2/2)/(√3/2)=2√6/3。,K_TRI_024,T_TRI_014,E-MOD-012|E-LOG-007,4
Q_TRI_388,原创（基于PDF题型）,填空题,如图所示，在四边形ABCD中，AD⊥CD，AD=10，AB=14，∠BDA=60°，∠BCD=135°，则BC=____。,,8√2,在△ABD中，由余弦定理AB²=AD²+BD²-2·AD·BD·cos∠BDA，得196=100+BD²-2·10·BD·cos60°，196=100+BD²-10BD，BD²-10BD-96=0，解得BD=16（舍去负根）。在△BCD中，∠BDC=90°-60°=30°，∠BCD=135°，所以∠DBC=15°。由正弦定理BC/sin∠BDC=BD/sin∠BCD，得BC/sin30°=16/sin135°，BC/(1/2)=16/(√2/2)，BC=16·(1/2)/(√2/2)=8√2。,K_TRI_025,T_TRI_014,E-MOD-012|E-LOG-007,4
Q_TRI_389,原创（基于PDF题型）,填空题,在△ABC中，D是BC边上一点，已知AB=5，AC=4，BD=2，DC=3，求AD的长度。,,√385/5,设AD=x。在△ABD中，cos∠ADB=(x²+4-25)/(4x)=(x²-21)/(4x)。在△ACD中，cos∠ADC=(x²+9-16)/(6x)=(x²-7)/(6x)。因为∠ADB+∠ADC=180°，所以cos∠ADB=-cos∠ADC，即(x²-21)/(4x)=-(x²-7)/(6x)，3(x²-21)=-2(x²-7)，3x²-63=-2x²+14，5x²=77，x²=77/5，AD=√(77/5)=√385/5。,K_TRI_026,T_TRI_024,E-MOD-012,4
Q_TRI_390,原创（基于PDF题型）,填空题,在△ABC中，G是重心，已知GA=3，GB=4，GC=5，求△ABC的面积。,,18,延长AG到M，使GM=AG=3，连接BM、CM。因为G是重心，AG:GD=2:1，D是BC中点，所以GD=1.5，GM=3，GD:GM=1:2。又BD=DC，所以四边形BMCM是平行四边形，BM=GC=5，CM=GB=4。在△GMB中，GM=3，GB=4，BM=5，所以△GMB是直角三角形，∠BGM=90°，S△GMB=1/2·3·4=6。因为G是重心，S△ABC=3S△GBC，又S△GBC=S△GMB（等底等高），所以S△ABC=3·6=18。,K_TRI_031,T_TRI_028,E-CON-006|E-FOM-010,4
Q_TRI_391,原创（基于PDF题型）,填空题,在△ABC中，H是垂心，已知∠BAC=60°，BC=2√3，求AH的长度。,,2,设外接圆半径为R，由正弦定理BC/sinA=2R，即2√3/sin60°=2R，2√3/(√3/2)=2R，4=2R，R=2。因为H是垂心，由垂心性质AH=2RcosA（可通过外接圆证明：延长AH交外接圆于E，则HE=2RcosA，且H与E关于BC对称，故AH=HE=2RcosA），所以AH=2·2·cos60°=4·1/2=2。,K_TRI_033,T_TRI_029,E-CON-008,5
Q_TRI_392,原创（基于PDF题型）,填空题,在△ABC中，已知a=3，b=4，c=5，求△ABC外接圆的半径R。,,5/2,因为a²+b²=9+16=25=c²，所以△ABC是直角三角形，C=90°。直角三角形的外接圆圆心在斜边中点，半径R=c/2=5/2。验证：由正弦定理c/sinC=2R，5/sin90°=2R，5=2R，R=5/2。,K_TRI_022,T_TRI_012,E-CON-003|E-CON-004|E-MOD-008|E-MOD-009,3
Q_TRI_393,原创（基于PDF题型）,填空题,已知等腰三角形的底边长为6，一腰长为12，求它的内切圆面积。,,27π/5,等腰三角形底边a=6，腰b=c=12。半周长p=(6+12+12)/2=15。面积S=√[p(p-a)(p-b)(p-c)]=√[15·9·3·3]=√(15·81)=9√15。内切圆半径r=S/p=9√15/15=3√15/5。内切圆面积=πr²=π·(9·15/25)=27π/5。,K_TRI_023,T_TRI_013,E-FOM-011|E-CAL-008,3
Q_TRI_394,2020·全国Ⅰ高考真题,填空题,如图，在三棱锥P-ABC的平面展开图中，AC=1，AB=AD=√3，AB⊥AC，AB⊥AD，∠CAE=30°，则cos∠FCB=____。,,-1/4,在△ABC中，AB=√3，AC=1，AB⊥AC，所以BC=√(AB²+AC²)=√(3+1)=2。在△ABD中，AB=AD=√3，AB⊥AD，所以BD=√(3+3)=√6。在△ACE中，AC=1，AE=AD=√3，∠CAE=30°，由余弦定理CE²=AC²+AE²-2·AC·AE·cos30°=1+3-2·1·√3·(√3/2)=4-3=1，CE=1。在△BCF中，BC=2，BF=BD=√6，CF=CE=1，由余弦定理cos∠FCB=(BC²+CF²-BF²)/(2·BC·CF)=(4+1-6)/(2·2·1)=(-1)/4=-1/4。,K_TRI_037,T_TRI_017,E-MOD-014,5
Q_TRI_395,原创（基于PDF题型）,填空题,在△ABC中，角A，B，C的对边分别为a，b，c，已知a=2，A=π/3，求△ABC周长的最大值。,,6,由正弦定理a/sinA=2R，2/(√3/2)=2R，R=2/√3。b=2RsinB=(4/√3)sinB，c=2RsinC=(4/√3)sinC=(4/√3)sin(2π/3-B)。周长L=a+b+c=2+(4/√3)[sinB+sin(2π/3-B)]=2+(4/√3)[sinB+sin2π/3cosB-cos2π/3sinB]=2+(4/√3)[(3/2)sinB+(√3/2)cosB]=2+(4/√3)·√3·sin(B+π/6)=2+4sin(B+π/6)。因为0<B<2π/3，所以π/6<B+π/6<5π/6，sin(B+π/6)≤1，当B=π/3时取最大值。所以L≤2+4=6，周长最大值为6。,K_TRI_036,T_TRI_015,E-CAL-012,5
Q_TRI_396,原创（基于PDF题型）,填空题,在△ABC中，角A，B，C的对边分别为a，b，c，已知a=2，A=π/3，求b+c的取值范围。,,"(2,4]","由正弦定理b/sinB=c/sinC=a/sinA=2/(√3/2)=4/√3。b+c=(4/√3)(sinB+sinC)=(4/√3)[sinB+sin(2π/3-B)]=(4/√3)[sinB+sin2π/3cosB-cos2π/3sinB]=(4/√3)[(3/2)sinB+(√3/2)cosB]=4sin(B+π/6)。因为0<B<2π/3，所以π/6<B+π/6<5π/6，sin(B+π/6)∈(1/2,1]，所以b+c∈(2,4]。",K_TRI_035,T_TRI_016,E-LOG-009,5
Q_TRI_397,原创（基于PDF题型）,填空题,在锐角△ABC中，角A，B，C的对边分别为a，b，c，已知a=2，A=π/3，求△ABC面积的取值范围。,,"(2√3/3,√3]","由正弦定理b=4/√3sinB，c=4/√3sinC=4/√3sin(2π/3-B)。面积S=1/2bcsinA=√3/4bc=√3/4·(16/3)sinBsin(2π/3-B)=(4√3/3)sinBsin(2π/3-B)。因为△ABC是锐角三角形，0<B<π/2，0<C=2π/3-B<π/2，即π/6<B<π/2。化简S=(2√3/3)[cos(2B-2π/3)+1/2]。因为π/6<B<π/2，所以-π/3<2B-2π/3<π/3，cos(2B-2π/3)∈(1/2,1]，所以S∈(2√3/3,√3]。",K_TRI_038,T_TRI_030,E-LOG-010,5
Q_TRI_398,原创（基于PDF题型）,填空题,在△ABC中，角A，B，C的对边分别为a，b，c，已知A=π/3，a=√3，求2b-c的取值范围。,,"(-√3,2√3)","由正弦定理b=2sinB，c=2sinC=2sin(2π/3-B)。2b-c=4sinB-2sin(2π/3-B)=4sinB-2(sin2π/3cosB-cos2π/3sinB)=4sinB-2(√3/2cosB+1/2sinB)=4sinB-√3cosB-sinB=3sinB-√3cosB=2√3sin(B-π/6)。因为0<B<2π/3，所以-π/6<B-π/6<π/2，sin(B-π/6)∈(-1/2,1)，所以2b-c∈(-√3,2√3)。",K_TRI_039,T_TRI_031,E-STR-012,5
Q_TRI_399,原创（基于PDF题型）,填空题,在△ABC中，已知向量AB·AC=9，|AB|=3，|AC|=5，求BC的长度。,,4,由向量数量积公式AB·AC=|AB||AC|cosA=3·5·cosA=15cosA=9，所以cosA=3/5。由余弦定理BC²=AB²+AC²-2·AB·AC·cosA=9+25-2·3·5·(3/5)=34-18=16，所以BC=4。,K_TRI_047,T_TRI_034,E-MOD-015,4
Q_TRI_400,原创（基于PDF题型）,解答题,在△ABC中，角A，B，C的对边分别为a，b，c，求证：a²+b²+c²=2(bccosA+accosB+abcosC)。,,证明见解析,由余弦定理，a²=b²+c²-2bccosA，b²=a²+c²-2accosB，c²=a²+b²-2abcosC。三式相加得a²+b²+c²=2(a²+b²+c²)-2(bccosA+accosB+abcosC)，移项得2(bccosA+accosB+abcosC)=a²+b²+c²，即a²+b²+c²=2(bccosA+accosB+abcosC)，证毕。,K_TRI_044,T_TRI_032,E-LOG-011,4
Q_TRI_401,原创（基于PDF题型）,填空题,在△ABC中，已知A=30°，B=70°，则C=____。,,80°,由三角形内角和定理，A+B+C=180°，所以C=180°-30°-70°=80°。,K_TRI_001|K_TRI_002,T_TRI_001,E-CAL-001|E-CON-001|E-LOG-001|E-MOD-001,1
Q_TRI_402,原创（基于PDF题型）,解答题,在△ABC中，求证：a=bcosC+ccosB。,,证明见解析,由余弦定理，bcosC+ccosB=b·(a²+b²-c²)/(2ab)+c·(a²+c²-b²)/(2ac)=(a²+b²-c²)/(2a)+(a²+c²-b²)/(2a)=(2a²)/(2a)=a，所以a=bcosC+ccosB，证毕。,K_TRI_040,T_TRI_018,E-CAL-001|E-FOM-001,3
Q_TRI_403,原创（基于PDF题型）,填空题,在圆内接四边形ABCD中，已知AB=3，BC=4，CD=5，DA=6，求AC的长度。,,√1729/7,因为ABCD是圆内接四边形，所以∠ABC+∠ADC=180°，cos∠ABC=-cos∠ADC。在△ABC中，AC²=AB²+BC²-2·AB·BC·cos∠ABC=9+16-24cos∠ABC=25-24cos∠ABC。在△ADC中，AC²=AD²+DC²-2·AD·DC·cos∠ADC=36+25-60cos∠ADC=61-60cos∠ADC=61+60cos∠ABC。所以25-24cos∠ABC=61+60cos∠ABC，-84cos∠ABC=36，cos∠ABC=-3/7。AC²=25-24·(-3/7)=25+72/7=247/7，AC=√(247/7)=√1729/7。,K_TRI_029,T_TRI_025,E-MOD-013,4
Q_TRI_404,原创（基于PDF题型）,填空题,在△ABC中，已知O是外心，AB=5，AC=7，BC=8，求外接圆半径R。,,7√3/3,由余弦定理，cosA=(AB²+AC²-BC²)/(2·AB·AC)=(25+49-64)/(2·5·7)=10/70=1/7，sinA=√(1-1/49)=√(48/49)=4√3/7。由正弦定理，BC/sinA=2R，8/(4√3/7)=2R，14/√3=2R，R=7/√3=7√3/3。,K_TRI_032,T_TRI_029,E-CON-007,4
Q_TRI_405,原创（基于PDF题型）,填空题,在△ABC中，已知I是内心，AB=5，AC=7，BC=8，求内切圆半径r。,,√3,半周长p=(5+7+8)/2=10。由海伦公式，面积S=√[p(p-a)(p-b)(p-c)]=√[10·5·3·2]=√300=10√3。内切圆半径r=S/p=10√3/10=√3。,K_TRI_034,T_TRI_013,E-FOM-011,4
Q_TRI_406,原创（基于PDF题型）,解答题,在圆内接四边形ABCD中，求证：AC·BD=AB·CD+AD·BC（托勒密定理）。,,证明见解析,在AC上取点E，使∠ABE=∠DBC。因为∠BAE=∠BDC（同弧BC），所以△ABE∽△DBC，AB/BD=AE/CD，AB·CD=BD·AE。又因为∠ABD=∠EBC，∠ADB=∠ECB（同弧AB），所以△ABD∽△EBC，AD/EC=BD/BC，AD·BC=BD·EC。两式相加得AB·CD+AD·BC=BD·(AE+EC)=BD·AC，即AC·BD=AB·CD+AD·BC，证毕。,K_TRI_041,T_TRI_033,E-FOM-009|E-LOG-011,5
Q_TRI_407,原创（基于PDF题型）,解答题,在△ABC中，D、E、F分别在BC、CA、AB上，且AD、BE、CF交于一点P，求证：(BD/DC)·(CE/EA)·(AF/FB)=1（塞瓦定理）。,,证明见解析,由面积比，BD/DC=S△ABD/S△ACD=S△PBD/S△PCD=(S△ABD-S△PBD)/(S△ACD-S△PCD)=S△ABP/S△ACP。同理，CE/EA=S△BCP/S△ABP，AF/FB=S△ACP/S△BCP。三式相乘得(BD/DC)·(CE/EA)·(AF/FB)=(S△ABP/S△ACP)·(S△BCP/S△ABP)·(S△ACP/S△BCP)=1，证毕。,K_TRI_042,T_TRI_033,E-FOM-009,5
Q_TRI_408,原创（基于PDF题型）,解答题,在△ABC中，D、E、F分别在BC、CA、AB或其延长线上，且D、E、F共线，求证：(BD/DC)·(CE/EA)·(AF/FB)=1（梅涅劳斯定理）。,,证明见解析,过C作CG∥DF交AB于G。由平行线分线段成比例，BD/DC=BF/FG，CE/EA=GF/FA。两式相乘得(BD/DC)·(CE/EA)=(BF/FG)·(GF/FA)=BF/FA。所以(BD/DC)·(CE/EA)·(AF/FB)=(BF/FA)·(AF/FB)=1，证毕。,K_TRI_043,T_TRI_033,E-FOM-009|E-LOG-011,5
Q_TRI_409,原创（基于PDF题型）,解答题,在△ABC中，已知a=2，A=π/3，求函数f(B)=sinB+√3cosB的最大值及此时B的值。,,最大值2，B=π/6,f(B)=sinB+√3cosB=2sin(B+π/3)。因为0<B<2π/3，所以π/3<B+π/3<π，sin(B+π/3)≤1，当B+π/3=π/2即B=π/6时取最大值。所以f(B)max=2，此时B=π/6。,K_TRI_046|K_TRI_014,T_TRI_035,E-CAL-010|E-CON-009|E-FOM-008|E-MOD-005|E-STR-004|E-STR-008,5
Q_TRI_410,2025·全国二卷·高考真题,选择题,在△ABC中，BC=2，AC=1+√3，AB=√6，则A=（ ）,A.45°|B.60°|C.120°|D.135°,A,①由余弦定理cosA=(AB²+AC²-BC²)/(2·AB·AC)；②代入：AB²=6，AC²=(1+√3)²=4+2√3，BC²=4，分子=6+4+2√3-4=6+2√3；分母=2·√6·(1+√3)=2√6(1+√3)；③化简得cosA=√2/2；④因为0°<A<180°，所以A=45°。,K_TRI_003,T_TRI_001,E-CAL-001|E-CAL-002|E-FOM-001|E-MOD-001,2
Q_TRI_411,2025·北京·高考真题,解答题,在△ABC中，cosA=-1/3，asinC=4√2。(1)求c的值；(2)再从条件①a=6、条件②asinB=10√2/3、条件③△ABC面积为10√2中选择一个作为已知，使△ABC存在，求BC边上的高。,,(1)c=6；(2)选①不存在，选②③高为20√2/9,(1)①由cosA=-1/3得sinA=2√2/3；②由正弦定理asinC=csinA=(2√2/3)c=4√2，解得c=6。(2)选①：a=6=c则C=A，两角均为钝角矛盾，三角形不存在；选②：①sinB/sinC=5/6，由正弦定理b/c=5/6得b=5；②余弦定理a=√(25+36-2·5·6·(-1/3))=9；③等面积法(1/2)·5·6·(2√2/3)=(1/2)·9·AD，得AD=20√2/9；选③：由面积(1/2)·b·6·(2√2/3)=10√2得b=5，同理a=9，AD=20√2/9。,K_TRI_049|K_TRI_020,T_TRI_036,E-MOD-007|E-STR-008|E-STR-014,5
Q_TRI_412,2025·天津·高考真题,解答题,"在△ABC中，角A,B,C对边为a,b,c，已知asinB=√3·bcosA，c-2b=1，a=√7。(1)求A；(2)求c；(3)求sin(A+2B)。",,(1)π/3；(2)c=3；(3)4√3/7,(1)①由正弦定理asinB=bsinA=√3·bcosA，得tanA=√3，A=π/3；(2)①c=2b+1代入余弦定理a²=b²+c²-2bccosA：7=b²+(2b+1)²-b(2b+1)=3b²+3b+1；②解得b=1（舍去-2），c=3；(3)①sinB=bsinA/a=√21/14，cosB=5√7/14；②sin2B=2sinBcosB=5√3/14，cos2B=1-2sin²B=11/14；③sin(A+2B)=sinAcos2B+cosAsin2B=(√3/2)(11/14)+(1/2)(5√3/14)=4√3/7。,K_TRI_013|K_TRI_015,T_TRI_020,E-CAL-006|E-CAL-007|E-CAL-009|E-CON-003|E-FOM-005|E-LOG-005|E-LOG-007|E-LOG-008,4
Q_TRI_413,2024·全国甲卷·高考真题,选择题,"在△ABC中，内角A,B,C对边为a,b,c，若B=π/3，b²=(9/4)ac，则sinA+sinC=（ ）",A.2√39/13|B.√39/13|C.√7/2|D.3√13/13,C,①由正弦定理b²=(9/4)ac化为sin²B=(9/4)sinAsinC，得sinAsinC=(4/9)·(3/4)=1/3；②由余弦定理b²=a²+c²-ac=(9/4)ac，得a²+c²=(13/4)ac；③正弦定理得sin²A+sin²C=(13/4)sinAsinC=13/12；④(sinA+sinC)²=13/12+2/3=7/4，因为sinA+sinC>0，所以sinA+sinC=√7/2。,K_TRI_002|K_TRI_004,T_TRI_002,E-CAL-001|E-CON-001|E-CON-002|E-LOG-002|E-MOD-001,4
Q_TRI_414,2024·新课标Ⅱ卷·高考真题,解答题,"记△ABC内角A,B,C对边为a,b,c，已知sinA+√3cosA=2。(1)求A；(2)若a=2，2bsinC=csin2B，求△ABC的周长。",,(1)π/6；(2)2+√6+3√2,"(1)①辅助角公式：(1/2)sinA+(√3/2)cosA=1，即sin(A+π/3)=1；②A+π/3∈(π/3,4π/3)，故A+π/3=π/2，A=π/6；(2)①2bsinC=csin2B由正弦定理化为2sinBsinC=2sinCsinBcosB，得cosB=√2/2，B=π/4；②C=π-π/6-π/4=7π/12，sinC=sin(A+B)=(√2+√6)/4；③正弦定理a/sinA=4，b=4sinπ/4=2√2，c=4sin7π/12=√6+√2；④周长=2+2√2+√6+√2=2+√6+3√2。",K_TRI_014|K_TRI_009,T_TRI_021,E-CAL-004|E-CAL-010|E-FOM-008|E-MOD-005|E-STR-002|E-STR-004|E-STR-008,4
Q_TRI_415,2024·广东江苏·高考真题,解答题,"记△ABC内角A,B,C对边为a,b,c，已知sinC=√2cosB，a²+b²-c²=√2ab。(1)求B；(2)若△ABC面积为3+√3，求c。",,(1)π/3；(2)2√2,(1)①由余弦定理a²+b²-c²=2abcosC=√2ab，得cosC=√2/2，C=π/4，sinC=√2/2；②sinC=√2cosB得cosB=1/2，B=π/3；(2)①A=π-π/3-π/4=5π/12，sinA=sin(π/4+π/6)=(√6+√2)/4；②正弦定理a=(√3+1)c/2，b=√6c/2；③S=(1/2)absinC=(3+√3)c²/8=3+√3，解得c²=8，c=2√2。,K_TRI_003|K_TRI_008,T_TRI_001,E-CAL-001|E-CAL-002|E-FOM-001|E-MOD-001|E-MOD-003|E-STR-001,4
Q_TRI_416,2024·天津·高考真题,解答题,"在△ABC中，角A,B,C对边为a,b,c，已知cosB=9/16，b=5，a/c=2/3。(1)求a；(2)求sinA；(3)求cos(B-2A)。",,(1)4；(2)√7/4；(3)57/64,"(1)①设a=2t,c=3t，余弦定理25=4t²+9t²-12t²·(9/16)=(25/4)t²，t=2，a=4,c=6；(2)①sinB=5√7/16，正弦定理4/sinA=5/(5√7/16)=16/√7，sinA=√7/4；(3)①a<b故A为锐角，cosA=3/4；②sin2A=2·(√7/4)(3/4)=3√7/8，cos2A=2·9/16-1=1/8；③cos(B-2A)=cosBcos2A+sinBsin2A=(9/16)(1/8)+(5√7/16)(3√7/8)=57/64。",K_TRI_003|K_TRI_015,T_TRI_001,E-CAL-001|E-CAL-002|E-CAL-007|E-FOM-001|E-LOG-005|E-LOG-008|E-MOD-001,4
Q_TRI_417,2024·北京·高考真题,解答题,在△ABC中，A为钝角，a=7，sin2B=(3√3/7)bcosB。(1)求A；(2)从条件①b=7、条件②cosB=13/14、条件③csinA=5√3/2中选一个使三角形存在，求面积。,,(1)2π/3；(2)选①无解，选②③面积15√3/4,(1)①2sinBcosB=(3√3/7)bcosB，A钝角故cosB≠0，得2sinB=(3√3/7)b；②b/sinB=14/(3√3)=a/sinA=7/sinA，sinA=√3/2，A钝角故A=2π/3；(2)选①：b=7则sinB=√3/2，B=π/3，A+B=π矛盾舍去；选②：sinB=3√3/14，b=3，sinC=sin(2π/3+B)=5√3/14，S=(1/2)·7·3·5√3/14=15√3/4；选③：c=5，sinC=5√3/14，sinB=3√3/14，S=15√3/4。,K_TRI_049,T_TRI_036,E-STR-014,5
Q_TRI_418,2023·北京·高考真题,选择题,在△ABC中，(a+c)(sinA-sinC)=b(sinA-sinB)，则∠C=（ ）,A.π/6|B.π/3|C.2π/3|D.5π/6,B,①由正弦定理将角化为边：(a+c)(a-c)=b(a-b)；②展开得a²-c²=ab-b²，即a²+b²-c²=ab；③由余弦定理cosC=(a²+b²-c²)/(2ab)=ab/(2ab)=1/2；④0<C<π，所以C=π/3。,K_TRI_004|K_TRI_003,T_TRI_002,E-CAL-001|E-CAL-002|E-CON-002|E-FOM-001|E-LOG-002|E-MOD-001,3
Q_TRI_419,2023·全国甲卷·高考真题,填空题,在△ABC中，∠BAC=60°，AB=2，BC=√6，∠BAC的角平分线交BC于D，则AD=____。,,2,①余弦定理：2²+b²-2·2·b·cos60°=6，即b²-2b-2=0，解得b=1+√3；②等面积法S△ABC=S△ABD+S△ACD：(1/2)·2·b·sin60°=(1/2)·2·AD·sin30°+(1/2)·AD·b·sin30°；③√3b=AD(1+b/2)，AD=2√3b/(2+b)=2√3(1+√3)/(3+√3)=2。,K_TRI_019,T_TRI_010,E-STR-007,4
Q_TRI_420,2023·新课标Ⅰ卷·高考真题,解答题,已知在△ABC中，A+B=3C，2sin(A-C)=sinB。(1)求sinA；(2)设AB=5，求AB边上的高。,,(1)3√10/10；(2)6,(1)①A+B=π-C=3C，得C=π/4；②2sin(A-C)=sinB=sin(A+C)展开：2sinAcosC-2cosAsinC=sinAcosC+cosAsinC，得sinAcosC=3cosAsinC，tanA=3；③A为锐角，sinA=3√10/10；(2)①cosA=√10/10，sinB=sin(A+C)=2√5/5；②正弦定理b=csinB/sinC=5·(2√5/5)/(√2/2)=2√10；③等面积法h=b·sinA=2√10·3√10/10=6。,K_TRI_013|K_TRI_020,T_TRI_020,E-CAL-006|E-CAL-009|E-CON-003|E-FOM-005|E-LOG-007|E-MOD-007|E-STR-008,4
Q_TRI_421,2023·新课标Ⅱ卷·高考真题,解答题,"记△ABC内角A,B,C对边为a,b,c，已知△ABC面积为√3，D为BC中点，AD=1。(1)若∠ADC=π/3，求tanB；(2)若b²+c²=8，求b,c。",,(1)√3/5；(2)b=c=2,(1)①S△ADC=(1/2)·1·(a/2)·sinπ/3=√3a/8=S△ABC/2=√3/2，得a=4，BD=DC=2；②∠ADB=2π/3，余弦定理c²=4+1-2·2·1·(-1/2)=7，c=√7；b²=4+1-2·2·1·(1/2)=3，b=√3；③cosB=(7+4-3)/(2·√7·2)=5√7/14，sinB=√21/14，tanB=√3/5；(2)①由中线向量关系4AD²+a²=2(b²+c²)，4+a²=16，a=2√3；②S△ADC=(1/2)·√3·1·sin∠ADC=√3/2，sin∠ADC=1，∠ADC=π/2；③b=c=√(1+3)=2。,K_TRI_018,T_TRI_009,E-FOM-006|E-STR-006,5
Q_TRI_422,2023·全国甲卷·高考真题,解答题,"记△ABC内角A,B,C对边为a,b,c，已知(b²+c²-a²)/cosA=2。(1)求bc；(2)若(acosB-bcosA)/(acosB+bcosA)-b/c=1，求△ABC面积。",,(1)bc=1；(2)√3/4,(1)①由余弦定理b²+c²-a²=2bccosA，所以(2bccosA)/cosA=2bc=2，bc=1；(2)①正弦定理化边为角：[sin(A-B)-sinB]/sin(A+B)=1；②sin(A-B)-sin(A+B)=sinB，即-2cosAsinB=sinB；③sinB≠0故cosA=-1/2，sinA=√3/2；④S=(1/2)bc·sinA=√3/4。,K_TRI_003|K_TRI_008,T_TRI_006,E-CAL-001|E-CAL-002|E-FOM-001|E-MOD-001|E-MOD-003|E-STR-001,4
Q_TRI_423,2023·全国乙卷·高考真题,解答题,在△ABC中，已知∠BAC=120°，AB=2，AC=1。(1)求sin∠ABC；(2)若D为BC上一点且∠BAD=90°，求△ADC的面积。,,(1)√21/14；(2)√3/10,(1)①余弦定理BC²=4+1-2·2·1·cos120°=7，BC=√7；②cosB=(BC²+AB²-AC²)/(2·BC·AB)=(7+4-1)/(4√7)=5√7/14；③sinB=√(1-25/28)=√21/14；(2)①∠DAC=120°-90°=30°；②S△ABD/S△ACD=[(1/2)·AB·AD·sin90°]/[(1/2)·AC·AD·sin30°]=2/(1/2)=4；③S△ACD=(1/5)S△ABC=(1/5)·(1/2)·2·1·sin120°=√3/10。,K_TRI_024|K_TRI_008,T_TRI_014,E-MOD-003|E-STR-001,4
Q_TRI_424,2023·天津·高考真题,解答题,在△ABC中，a=√39，b=2，∠A=120°。(1)求sinB；(2)求c；(3)求sin(B-C)。,,(1)√13/13；(2)5；(3)-7√3/26,(1)①正弦定理√39/sin120°=2/sinB，sinB=2·(√3/2)/√39=√13/13；(2)①余弦定理39=4+c²-2·2·c·(-1/2)=c²+2c+4；②c²+2c-35=0，c=5（舍去-7）；(3)①sinC=5·(√3/2)/√39=5√13/26，B、C均锐角；②cosC=3√39/26，cosB=2√39/13；③sin(B-C)=sinBcosC-cosBsinC=(√13/13)(3√39/26)-(2√39/13)(5√13/26)=-7√3/26。,K_TRI_002|K_TRI_003,T_TRI_001,E-CAL-001|E-CAL-002|E-CON-001|E-FOM-001|E-MOD-001,4
Q_TRI_425,2023·全国乙卷·高考真题,填空题,"已知点S,A,B,C均在半径为2的球面上，△ABC是边长为3的等边三角形，SA⊥平面ABC，则SA=____。",,2,①将三棱锥补成正三棱柱，设△ABC外接圆圆心为O₁，半径r；②正弦定理2r=AB/sinC=3/(√3/2)=2√3，r=√3；③设外接球球心为O，OA=2，OO₁=SA/2；④由OA²=OO₁²+O₁A²：4=(SA/2)²+3，SA²=4，SA=2。,K_TRI_022,T_TRI_012,E-CON-003|E-CON-004|E-MOD-008|E-MOD-009,4
Q_TRI_426,原创（基于十类题型解析版）,填空题,在△ABC中，(2b-√3c)/(√3a)=cosC/cosA，求A的值。,,π/6,"①由正弦定理边化角：(2sinB-√3sinC)/(√3sinA)=cosC/cosA；②交叉相乘：2sinBcosA=√3(sinAcosC+sinCcosA)=√3sin(A+C)=√3sinB；③sinB≠0，故cosA=√3/2；④A∈(0,π)，所以A=π/6。",K_TRI_013,T_TRI_020,E-CAL-006|E-CAL-009|E-CON-003|E-FOM-005|E-LOG-007,3
Q_TRI_427,原创（基于十类题型解析版）,解答题,"在△ABC中，角A,B,C对边为a,b,c，已知C=2B，且b=2，c=2√3，求角B和边a。",,B=π/6，a=4,①由正弦定理b/sinB=c/sinC=c/sin2B=c/(2sinBcosB)，得2/sinB=2√3/(2sinBcosB)，cosB=√3/2，B=π/6；②C=π/3，A=π-π/6-π/3=π/2；③a=b/sinB·sinA=2/(1/2)·1=4。,K_TRI_015,T_TRI_022,E-CAL-007|E-LOG-005|E-LOG-008,4
Q_TRI_428,原创（基于十类题型解析版）,填空题,在△ABC中，a=4，b=5，C=30°，求△ABC的面积。,,5,①已知两边及其夹角，直接用面积公式S=(1/2)absinC；②代入：S=(1/2)·4·5·sin30°=(1/2)·20·(1/2)=5。,K_TRI_008|K_TRI_003,T_TRI_006,E-CAL-001|E-CAL-002|E-FOM-001|E-MOD-001|E-MOD-003|E-STR-001,3
Q_TRI_429,原创（基于十类题型解析版）,填空题,在△ABC中，D是BC中点，已知AB=5，AC=3，AD=2√2，求BC的长。,,6,①由中线定理（阿波罗尼乌斯定理）：AB²+AC²=2AD²+(1/2)BC²；②代入：25+9=2·8+(1/2)BC²，34=16+(1/2)BC²；③BC²=36，BC=6。,K_TRI_018,T_TRI_009,E-FOM-006|E-STR-006,4
Q_TRI_430,原创（基于十类题型解析版）,填空题,在△ABC中，已知a=8，b=5，S△ABC=12，求BC边上的高h。,,3,①三角形面积S=(1/2)·a·h（以BC=a为底）；②12=(1/2)·8·h=4h；③h=3。,K_TRI_020,T_TRI_011,E-MOD-007|E-STR-008,3
Q_TRI_431,原创（基于十类题型解析版）,填空题,在△ABC中，已知a=2，b=√6，A=45°，求满足条件的三角形个数。,,2个,①由正弦定理sinB=bsinA/a=√6·(√2/2)/2=√3/2；②因为b>a，所以B>A=45°，B可以是60°或120°；③B=60°时C=75°，B=120°时C=15°，均成立；④所以满足条件的三角形有2个。,K_TRI_006,T_TRI_004,E-CAL-003|E-FOM-002|E-FOM-007,3
Q_TRI_432,原创（基于十类题型解析版）,填空题,如图，为测量河对岸A、B两点间距离，在河岸边取C、D两点，CD=100米，测得∠ACB=30°，∠BCD=45°，∠ADC=60°，∠ADB=30°，求AB。,,50√2米,①在△ACD中，∠CAD=180°-45°-30°-60°=45°，由正弦定理AC/sin60°=CD/sin45°，AC=100·(√3/2)/(√2/2)=50√6；②在△BCD中，∠CBD=180°-45°-60°-30°=45°，BC/sin90°=CD/sin45°，BC=100√2；③在△ABC中，AB²=AC²+BC²-2·AC·BC·cos30°=15000+20000-2·50√6·100√2·(√3/2)=35000-10000√3·√2·√3/... 化简得AB=50√2米。,K_TRI_011,T_TRI_008,E-CAL-005|E-MOD-004,3
Q_TRI_433,原创（基于十类题型解析版）,填空题,在△ABC中，a=2，A=60°，求△ABC周长的取值范围。,,"(4,6]","①由正弦定理b=(4/√3)sinB，c=(4/√3)sinC=(4/√3)sin(120°-B)；②周长L=2+(4/√3)[sinB+sin(120°-B)]=2+4sin(B+30°)；③0<B<120°，故30°<B+30°<150°，sin(B+30°)∈(1/2,1]；④L∈(4,6]，当B=60°即等边三角形时取最大值6。",K_TRI_036|K_TRI_009,T_TRI_015,E-CAL-004|E-CAL-012|E-STR-002,4
Q_TRI_434,原创（基于十类题型解析版）,填空题,在△ABC中，D在BC上且BD:DC=1:2，已知AB=3，AC=6，∠BAC=60°，求AD的长。,,2√3,①由余弦定理BC²=9+36-2·3·6·cos60°=45-18=27，BC=3√3；②BD=√3，DC=2√3；③在△ABD中先求cosB=(AB²+BC²-AC²)/(2·AB·BC)=(9+27-36)/(18√3)=0，B=90°；④AD²=AB²+BD²=9+3=12，AD=2√3。,K_TRI_026,T_TRI_023,E-MOD-012,4
Q_TRI_435,原创（基于满分突破10讲题型）,解答题,"在△ABC中，角A,B,C对边为a,b,c，已知2cos²A+√3sin2A=2，b=1，S△ABC=√3/2。(1)求A；(2)求(b+c)/(sinB+sinC)的值。",,(1)π/3；(2)2,(1)①利用降幂公式2cos²A=1+cos2A，原式化为1+cos2A+√3sin2A=2；②即cos2A+√3sin2A=1，辅助角公式2sin(2A+π/6)=1，sin(2A+π/6)=1/2；③因为0<A<π，结合三角形条件得2A+π/6=5π/6，A=π/3；(2)①S=(1/2)bcsinA=√3/2，(1/2)·1·c·(√3/2)=√3/2，c=2；②由正弦定理(b+c)/(sinB+sinC)=a/sinA=2R，先由余弦定理a²=b²+c²-2bccosA=1+4-2=3，a=√3；③a/sinA=√3/(√3/2)=2。,K_TRI_016|K_TRI_014,T_TRI_022,E-CAL-008|E-CAL-010|E-FOM-008|E-LOG-006|E-MOD-005|E-STR-004|E-STR-008,4
Q_TRI_436,2016·全国Ⅱ卷·高考真题,填空题,"△ABC内角A,B,C对边为a,b,c，若cosA=4/5，cosC=5/13，a=1，则b=____。",,21/13,①由cosA=4/5得sinA=3/5，由cosC=5/13得sinC=12/13；②sinB=sin(A+C)=sinAcosC+cosAsinC=(3/5)(5/13)+(4/5)(12/13)=63/65；③正弦定理b=asinB/sinA=1·(63/65)/(3/5)=21/13。,K_TRI_002|K_TRI_003,T_TRI_001,E-CAL-001|E-CAL-002|E-CON-001|E-FOM-001|E-MOD-001,2
Q_TRI_437,原创（基于十类题型解析版）,填空题,在△ABC中，a=6，b=8，C=60°，求△ABC的面积。,,12√3,①已知两边及夹角，用面积公式S=(1/2)absinC；②代入S=(1/2)·6·8·sin60°=24·(√3/2)=12√3。,K_TRI_008,T_TRI_006,E-MOD-003|E-STR-001,2
Q_TRI_438,原创（基于十类题型解析版）,填空题,在△ABC中，若acosA=bcosB，判断△ABC的形状。,,等腰三角形或直角三角形,①由正弦定理a=2RsinA，b=2RsinB，代入得sinAcosA=sinBcosB；②即sin2A=sin2B，所以2A=2B或2A+2B=π；③即A=B（等腰三角形）或A+B=π/2即C=π/2（直角三角形）；④所以△ABC为等腰三角形或直角三角形。,K_TRI_007,T_TRI_005,E-LOG-004|E-MOD-002,2
Q_TRI_439,原创（基于十类题型解析版）,填空题,在△ABC中，已知a=√3，b=√2，A=60°，求B。,,45°,①由正弦定理sinB=bsinA/a=√2·(√3/2)/√3=√2/2；②因为b<a，所以B<A=60°，故B=45°（舍去135°）。,K_TRI_006|K_TRI_002,T_TRI_003,E-CAL-001|E-CAL-003|E-CON-001|E-FOM-002|E-FOM-007|E-MOD-001,2
